rank,client_hash_id,content_hash_id,model_score,action,reason_code,confidence,impressions,clicks,avg_position,ctr
1,client_b10cb2997d0c7c86,content_87eb4619444da89f,0.8330231366530159,refresh_priority,weak_position|low_ctr,high,646.0,0.0,28.09955374499428,0.0
2,client_810019792c9b8efc,content_826a6d837682df3c,0.8330198620504368,refresh_priority,weak_position|low_ctr,high,498.0,0.0,10.84575837470445,0.0
3,client_9958f0a7ae1df715,content_572263a160b6c8ab,0.8308881304819041,refresh_priority,weak_position|low_ctr,high,510.0,0.0,26.276403613051706,0.0
4,client_73cda7b4e4f265ea,content_1f10cce14fa14a4c,0.8304845867100895,refresh_priority,low_ctr,high,338.0,0.0,9.095339595518624,0.0
5,client_9958f0a7ae1df715,content_d8288f22519f7d53,0.8302588359476876,refresh_priority,weak_position|low_ctr,high,633.0,0.0,38.06302330480206,0.0
6,client_b10cb2997d0c7c86,content_5d2c0a2568ca0bac,0.8285946196590768,refresh_priority,low_ctr,high,1315.0,0.0,8.921162710203323,0.0
7,client_73cda7b4e4f265ea,content_ebe1f0da038a3a54,0.8267206882376908,refresh_priority,weak_position|low_ctr,high,2283.0,2.0,15.898635591507569,0.0008760402978537
8,client_b10cb2997d0c7c86,content_8b1d28df3ed4e324,0.8254584788699653,refresh_priority,weak_position|low_ctr,high,1176.0,1.0,38.87825071497889,0.0008503401360544
9,client_23a62021009f63c4,content_11a15d9c9ff6f9ea,0.824141225137086,refresh_priority,weak_position|low_ctr,high,651.0,0.0,30.98488735150614,0.0
10,client_fef1a8f436438636,content_3aba7dc3b43d583f,0.8238723468012562,refresh_priority,weak_position|low_ctr,high,926.0,0.0,21.630944504373367,0.0
11,client_1a730cb2640a1abf,content_13e61e95a7247552,0.8235375296349727,refresh_priority,low_ctr,high,1672.0,0.0,8.835899579068093,0.0
12,client_73cda7b4e4f265ea,content_bb34f0b8a742bf5a,0.8228863073888203,refresh_priority,low_ctr,high,209.0,0.0,4.8965880387242615,0.0
13,client_b10cb2997d0c7c86,content_c3643147154c071c,0.8226988746180557,refresh_priority,low_ctr,high,326.0,0.0,6.720791181041181,0.0
14,client_9958f0a7ae1df715,content_5147a94966f9a69b,0.8226823532066155,refresh_priority,weak_position|low_ctr,high,221.0,0.0,14.709917027417028,0.0
15,client_9958f0a7ae1df715,content_ffadc4cfd8604d34,0.82219184822443,refresh_priority,weak_position|low_ctr,high,518.0,1.0,27.583114605921608,0.0019305019305019
16,client_73cda7b4e4f265ea,content_4477e3b2cc48b5ec,0.8219434247251461,refresh_priority,low_ctr,high,2386.0,2.0,9.11128903128556,0.0008382229673093
17,client_9958f0a7ae1df715,content_5a77dbf5671c5a65,0.8215295468834329,refresh_priority,weak_position|low_ctr,high,2363.0,3.0,11.96702725888876,0.0012695725772323
18,client_b10cb2997d0c7c86,content_999da21a3d5a0416,0.8213698432868117,refresh_priority,low_ctr,high,876.0,1.0,9.602313188273545,0.0011415525114155
19,client_73cda7b4e4f265ea,content_25d32677a09e9a99,0.8212414169431448,refresh_priority,weak_position|low_ctr,high,866.0,1.0,21.15388836684072,0.0011547344110854
20,client_a80fca3f171ed1de,content_9d24477871d20f32,0.8209200194767046,refresh_priority,weak_position|low_ctr,high,2381.0,3.0,11.897597820464396,0.0012599748005039
21,client_73cda7b4e4f265ea,content_59ee023983dfde49,0.8208231699411208,refresh_priority,weak_position|low_ctr,high,623.0,0.0,26.939108464725127,0.0
22,client_73cda7b4e4f265ea,content_f6a6b63ad4777961,0.8206497136753035,refresh_priority,weak_position|low_ctr,high,621.0,0.0,39.93210226013475,0.0
23,client_73cda7b4e4f265ea,content_151ecef625bbc703,0.8205214553990122,refresh_priority,weak_position|low_ctr,high,1887.0,4.0,32.72775147455299,0.0021197668256491
24,client_23a62021009f63c4,content_8fd63a212197c5ac,0.8203934475504916,refresh_priority,weak_position|low_ctr,high,658.0,1.0,43.18858502829939,0.0015197568389057
25,client_b10cb2997d0c7c86,content_e7f0b8bdc0ace93a,0.8200659802377025,refresh_priority,low_ctr,high,1137.0,1.0,9.176559591799895,0.0008795074758135
26,client_9958f0a7ae1df715,content_d02be57d816cf3d7,0.819138165301459,refresh_priority,weak_position|low_ctr,high,298.0,0.0,20.44008192883193,0.0
27,client_a80fca3f171ed1de,content_25d2f74fed64edbe,0.8190877141841524,refresh_priority,weak_position|low_ctr,high,310.0,0.0,56.33290731171234,0.0
28,client_9958f0a7ae1df715,content_2538b331a2f547ab,0.8190646992369082,refresh_priority,weak_position|low_ctr,high,1859.0,2.0,15.062218156676671,0.0010758472296933
29,client_b10cb2997d0c7c86,content_113a083e4ba24ea9,0.8187553676969654,refresh_priority,weak_position|low_ctr,high,321.0,0.0,33.750561606149844,0.0
30,client_9958f0a7ae1df715,content_0580c47071cde7b7,0.8186284828156608,refresh_priority,weak_position|low_ctr,high,866.0,0.0,16.859368656326,0.0
31,client_73cda7b4e4f265ea,content_ee658b5954e5244b,0.8185503840232012,refresh_priority,weak_position|low_ctr,high,436.0,0.0,11.073990059882036,0.0
32,client_23a62021009f63c4,content_d409c54a8ae8b0ab,0.8182093967875702,refresh_priority,weak_position|low_ctr,high,3478.0,4.0,35.234962647489574,0.0011500862564692
33,client_b10cb2997d0c7c86,content_3c1670b481729fda,0.818178466102809,refresh_priority,weak_position|low_ctr,high,327.0,0.0,10.023576088943738,0.0
34,client_73cda7b4e4f265ea,content_fe05118fdb9b59d3,0.8179152847407102,refresh_priority,weak_position|low_ctr,high,231.0,0.0,47.14247017364334,0.0
35,client_810019792c9b8efc,content_6d3eb2ba715895b3,0.8174089517389944,refresh_priority,weak_position|low_ctr,high,2634.0,4.0,33.502438189665426,0.0015186028853454
36,client_73cda7b4e4f265ea,content_a0e1a34f7aad25a0,0.8173670959441651,refresh_priority,low_ctr,high,1311.0,3.0,7.765354358657373,0.0022883295194508
37,client_b10cb2997d0c7c86,content_e72dedf5691e9520,0.8172622933517321,refresh_priority,weak_position|low_ctr,high,206.0,0.0,11.06525372775373,0.0
38,client_a22068e339bf95f5,content_8c68ba6cc8a8db01,0.8171794857308523,refresh_priority,weak_position|low_ctr,high,1185.0,1.0,10.545809974164778,0.00084388185654
39,client_810019792c9b8efc,content_6db9ce3e9951628a,0.8169109234773583,refresh_priority,weak_position|low_ctr,high,506.0,1.0,24.4840190528906,0.0019762845849802
40,client_810019792c9b8efc,content_42409bffc87709e4,0.8165933516499819,refresh_priority,weak_position|low_ctr,high,1433.0,2.0,14.588830192198236,0.0013956734124214
41,client_9958f0a7ae1df715,content_3c3b575d53a71932,0.816009761500228,refresh_priority,weak_position|low_ctr,high,430.0,0.0,35.31875869969128,0.0
42,client_810019792c9b8efc,content_3efe59af027412fb,0.8158713345080758,refresh_priority,weak_position|low_ctr,high,928.0,1.0,13.295405577884605,0.0010775862068965
43,client_73cda7b4e4f265ea,content_a8aad715909e7cef,0.8155011557101696,refresh_priority,weak_position|low_ctr,high,617.0,0.0,23.54130348249731,0.0
44,client_73cda7b4e4f265ea,content_e164c21631b7edf5,0.8153570204928979,refresh_priority,weak_position|low_ctr,high,605.0,1.0,12.882893296503974,0.0016528925619834
45,client_810019792c9b8efc,content_a368bd98983cafe2,0.815345305342437,refresh_priority,low_ctr,high,460.0,1.0,9.424427007322492,0.0021739130434782
46,client_810019792c9b8efc,content_c8bd6e5bdee9457e,0.8152906516393014,refresh_priority,weak_position|low_ctr,high,1833.0,3.0,22.087086279068945,0.0016366612111292
47,client_b10cb2997d0c7c86,content_bc1b18f612ed49a4,0.8150685446245398,refresh_priority,low_ctr,high,3132.0,3.0,8.487500660240963,0.0009578544061302
48,client_9958f0a7ae1df715,content_fa29b6624f2528bc,0.8149539673130687,refresh_priority,weak_position|low_ctr,high,654.0,1.0,22.85350176933648,0.0015290519877675
49,client_73cda7b4e4f265ea,content_30f84f94925aa402,0.8145573405747719,refresh_priority,weak_position|low_ctr,high,343.0,0.0,26.467218005953708,0.0
50,client_9958f0a7ae1df715,content_3d5831138dc766c4,0.8144778736171413,refresh_priority,weak_position|low_ctr,high,744.0,1.0,18.36617221461748,0.0013440860215053
51,client_23a62021009f63c4,content_c287019e9b7219a0,0.8142767512872038,refresh_priority,weak_position|low_ctr,high,475.0,1.0,16.312983067700557,0.0021052631578947
52,client_fef1a8f436438636,content_8d614747c2426b39,0.8139850299088806,refresh_priority,weak_position|low_ctr,high,1679.0,0.0,12.275725459484264,0.0
53,client_9958f0a7ae1df715,content_17e582ef471f7c8b,0.813439917722439,refresh_priority,weak_position|low_ctr,high,263.0,0.0,25.59032880699548,0.0
54,client_810019792c9b8efc,content_762606c2e74f11fb,0.8132514525601928,refresh_priority,weak_position|low_ctr,high,1555.0,3.0,19.18568636797596,0.0019292604501607
55,client_810019792c9b8efc,content_17acdf45ba92456b,0.8131992583816139,refresh_priority,low_ctr,high,135.0,0.0,6.80771164021164,0.0
56,client_73cda7b4e4f265ea,content_b7a0df0489cfb5ab,0.8131589598046048,refresh_priority,low_ctr,high,531.0,0.0,8.899916083191204,0.0
57,client_e547b89c05043229,content_67de7d5e46e8a793,0.8127121937137435,refresh_priority,weak_position|low_ctr,high,588.0,0.0,30.34836026988011,0.0
58,client_9958f0a7ae1df715,content_c040204537f06a59,0.8125940437433073,refresh_priority,weak_position|low_ctr,high,1814.0,3.0,13.555147060369062,0.0016538037486218
59,client_1a730cb2640a1abf,content_3b960681849e4d27,0.8121541704477703,refresh_priority,weak_position|low_ctr,high,829.0,0.0,10.25075394987228,0.0
60,client_e547b89c05043229,content_7dc094cbdf5e7896,0.8121101117619269,refresh_priority,weak_position|low_ctr,high,1333.0,1.0,21.80060327562337,0.0007501875468867
61,client_73cda7b4e4f265ea,content_d3a352f282df0b06,0.8118720380805218,refresh_priority,weak_position|low_ctr,high,380.0,0.0,17.022129308836472,0.0
62,client_23a62021009f63c4,content_30da7ef1a9b8153f,0.8117605200040795,refresh_priority,weak_position|low_ctr,high,597.0,0.0,27.70631902465726,0.0
63,client_810019792c9b8efc,content_e1ca0e6d039b6b7f,0.8117112263375418,refresh_priority,low_ctr,high,1234.0,1.0,8.110675442652319,0.0008103727714748
64,client_73cda7b4e4f265ea,content_509996015bf9af45,0.8111233185228032,refresh_priority,weak_position|low_ctr,high,1023.0,1.0,19.94930608978108,0.0009775171065493
65,client_73cda7b4e4f265ea,content_6462c29b40ecb4c3,0.8108569344733949,refresh_priority,weak_position|low_ctr,high,464.0,1.0,50.179939287028056,0.0021551724137931
66,client_73cda7b4e4f265ea,content_09ce21f37675b813,0.8105544494686255,refresh_priority,weak_position,high,374.0,1.0,27.962181506115712,0.0026737967914438
67,client_73cda7b4e4f265ea,content_8296be5c53704e3f,0.8105246212914108,refresh_priority,weak_position|low_ctr,high,179.0,0.0,17.133915343915348,0.0
68,client_73cda7b4e4f265ea,content_2cde902c3e97ebd9,0.8104349595530009,refresh_priority,weak_position|low_ctr,high,507.0,0.0,36.15275889869163,0.0
69,client_23a62021009f63c4,content_8280c78ddeb5ad83,0.8104014284643928,refresh_priority,weak_position|low_ctr,high,1179.0,1.0,27.75095814712071,0.0008481764206955
70,client_b10cb2997d0c7c86,content_c792ef4c2455d5af,0.810088645012744,refresh_priority,weak_position|low_ctr,high,896.0,0.0,31.340602015318147,0.0
71,client_a80fca3f171ed1de,content_fb710283f8127c7d,0.8099694948669331,refresh_priority,weak_position|low_ctr,high,6236.0,4.0,24.71587931202689,0.0006414368184733
72,client_810019792c9b8efc,content_1891ab846771d2f9,0.8098124894188423,refresh_priority,low_ctr,high,2850.0,4.0,8.96307469510739,0.0014035087719298
73,client_e5c2aa26a8598242,content_6948922614f2b891,0.8097837830927391,refresh_priority,weak_position|low_ctr,high,269.0,0.0,30.421044973544976,0.0
74,client_23a62021009f63c4,content_b1067e51364da799,0.8097457423914161,refresh_priority,weak_position,high,672.0,2.0,12.633193802127613,0.0029761904761904
75,client_73cda7b4e4f265ea,content_13877db909e51783,0.8096394445727924,refresh_priority,weak_position|low_ctr,high,4614.0,2.0,20.43907321104948,0.000433463372345
76,client_9958f0a7ae1df715,content_dad71ac028d6a94b,0.8095627996939114,refresh_priority,weak_position|low_ctr,high,1386.0,0.0,10.05698418595072,0.0
77,client_810019792c9b8efc,content_d61edfe318a8ccaa,0.8094150238063519,refresh_priority,low_ctr,high,1142.0,2.0,5.200023140655181,0.0017513134851138
78,client_e547b89c05043229,content_7b10c1cb08933777,0.8083427188064606,refresh_priority,weak_position|low_ctr,high,1962.0,0.0,20.46188591842999,0.0
79,client_73cda7b4e4f265ea,content_158c95712a709632,0.8083307348459503,refresh_priority,weak_position|low_ctr,high,1143.0,2.0,19.471031556598263,0.0017497812773403
80,client_810019792c9b8efc,content_d29962eb1cdacb49,0.8079079771480046,refresh_priority,weak_position|low_ctr,high,3844.0,4.0,14.932165068351429,0.0010405827263267
81,client_810019792c9b8efc,content_08c3a9116af25091,0.8074050122446176,refresh_priority,low_ctr,high,1349.0,2.0,6.454235896226737,0.0014825796886582
82,client_73cda7b4e4f265ea,content_9c06c93716b86a31,0.8072876270995201,refresh_priority,weak_position|low_ctr,high,481.0,1.0,46.77132642414505,0.002079002079002
83,client_1a8bf67cad4ee525,content_a29a880f150cc46a,0.8071556772057835,refresh_priority,weak_position|low_ctr,high,2248.0,0.0,17.798344808852566,0.0
84,client_a80fca3f171ed1de,content_039ef164160d2080,0.8068603711607966,refresh_priority,weak_position|low_ctr,high,2675.0,3.0,11.77604792767979,0.0011214953271028
85,client_73cda7b4e4f265ea,content_cb7e66701ae4c64c,0.8067602360632535,refresh_priority,weak_position|low_ctr,high,566.0,1.0,22.74058616968432,0.0017667844522968
86,client_9958f0a7ae1df715,content_624148ed744fdc3c,0.8066679768633261,refresh_priority,low_ctr,high,4040.0,0.0,9.67484540383869,0.0
87,client_810019792c9b8efc,content_ebea6d85b80a8376,0.8066204312191861,refresh_priority,weak_position|low_ctr,high,499.0,1.0,26.422756438295657,0.002004008016032
88,client_a80fca3f171ed1de,content_2fc1a54006e70814,0.8066000518416628,refresh_priority,low_ctr,high,472.0,1.0,8.83802255793742,0.0021186440677966
89,client_73cda7b4e4f265ea,content_ccffb87e03d8f9e4,0.8065823743577838,refresh_priority,weak_position|low_ctr,high,731.0,1.0,27.249149939596577,0.0013679890560875
90,client_23a62021009f63c4,content_1147d50b4a76a128,0.8065749965062445,refresh_priority,weak_position|low_ctr,high,789.0,1.0,17.311211982792443,0.0012674271229404
91,client_fef1a8f436438636,content_6bd00b478937018e,0.8061294028181248,refresh_priority,weak_position|low_ctr,high,640.0,1.0,13.767985391943974,0.0015625
92,client_9958f0a7ae1df715,content_c54c74753e9284e0,0.8057094416055236,refresh_priority,weak_position|low_ctr,high,317.0,0.0,23.648064935064937,0.0
93,client_73cda7b4e4f265ea,content_8c419ce33b63e14f,0.8053917444508923,refresh_priority,low_ctr,high,2544.0,2.0,9.4104491354942,0.0007861635220125
94,client_23a62021009f63c4,content_63a96248b5af968a,0.8053804554599728,refresh_priority,weak_position|low_ctr,high,459.0,1.0,20.84677961185701,0.0021786492374727
95,client_fef1a8f436438636,content_c5dc108cc7ed608e,0.8052737981640165,refresh_priority,weak_position|low_ctr,high,1148.0,1.0,32.97216778649179,0.0008710801393728
96,client_a2eeb8899886adde,content_d0b52c6af158d643,0.805209032373496,refresh_priority,low_ctr,high,2152.0,3.0,6.5795950103949705,0.0013940520446096
97,client_3f0ce4d44fe94f3d,content_d0df9e955cbe6305,0.8050493874923098,refresh_priority,weak_position|low_ctr,high,2605.0,1.0,12.911120892676571,0.000383877159309
98,client_73cda7b4e4f265ea,content_2e156d3447390209,0.8050260054782828,refresh_priority,weak_position|low_ctr,high,1288.0,1.0,15.070151906273916,0.0007763975155279
99,client_810019792c9b8efc,content_02764b79f257fdbf,0.8050072869671328,refresh_priority,weak_position|low_ctr,high,945.0,2.0,15.770887721974873,0.0021164021164021
100,client_9958f0a7ae1df715,content_2f38656ac350b91c,0.8046600826866024,refresh_priority,low_ctr,high,658.0,0.0,6.85432754382622,0.0
101,client_9958f0a7ae1df715,content_c4002ce386c98905,0.8045430842964271,refresh_priority,low_ctr,high,1930.0,0.0,9.71451269096834,0.0
102,client_73cda7b4e4f265ea,content_13955edb5c45c42f,0.804211668476327,refresh_priority,weak_position|low_ctr,high,2367.0,4.0,10.781065347098718,0.0016899028305872
103,client_23a62021009f63c4,content_5f0ce76fd389c33b,0.8041828801837466,refresh_priority,weak_position|low_ctr,high,2286.0,1.0,17.21693456763422,0.000437445319335
104,client_73cda7b4e4f265ea,content_5ce1e95f94dfb1bb,0.8041640293586464,refresh_priority,weak_position|low_ctr,high,2350.0,1.0,11.402819901303516,0.0004255319148936
105,client_b10cb2997d0c7c86,content_bc8403848ecc739a,0.8041132546717364,refresh_priority,weak_position|low_ctr,high,283.0,0.0,16.17037795537796,0.0
106,client_73cda7b4e4f265ea,content_a08baf614f67c886,0.8040628589957166,refresh_priority,weak_position|low_ctr,high,4275.0,2.0,10.871627330163328,0.0004678362573099
107,client_fef1a8f436438636,content_9bd8999349449dbc,0.8040050635007865,refresh_priority,weak_position|low_ctr,high,1563.0,1.0,22.33320504665813,0.000639795265515
108,client_73cda7b4e4f265ea,content_71517013741c56fd,0.8039883327196301,refresh_priority,weak_position|low_ctr,high,1026.0,2.0,21.290677619701032,0.0019493177387914
109,client_a22068e339bf95f5,content_6be4d38e4fa14493,0.803678805739178,refresh_priority,weak_position|low_ctr,high,1260.0,1.0,15.314719600057463,0.0007936507936507
110,client_23a62021009f63c4,content_1b86d6e570c74c6d,0.8034949141545854,refresh_priority,low_ctr,high,1506.0,3.0,8.437576151693005,0.0019920318725099
111,client_fef1a8f436438636,content_76faee9bdb238c15,0.8032653910613787,refresh_priority,weak_position|low_ctr,high,1272.0,1.0,24.22540239384942,0.0007861635220125
112,client_23a62021009f63c4,content_432a018962e89544,0.8031694658994629,refresh_priority,weak_position|low_ctr,high,1299.0,3.0,29.05228954490557,0.0023094688221709
113,client_23a62021009f63c4,content_eabce5020fd0d2b3,0.8029254993162342,refresh_priority,weak_position|low_ctr,high,2053.0,3.0,19.897881899716403,0.0014612761811982
114,client_810019792c9b8efc,content_6b820b08cd9dfffd,0.8028707264931331,refresh_priority,weak_position|low_ctr,high,850.0,2.0,19.847375320091032,0.0023529411764705
115,client_810019792c9b8efc,content_0edb97990af523a9,0.802770584442995,refresh_priority,weak_position|low_ctr,high,5390.0,3.0,23.884228638514838,0.0005565862708719
116,client_73cda7b4e4f265ea,content_c80088501d4e5ccb,0.8025140873952692,refresh_priority,low_ctr,high,1200.0,2.0,5.777171681307588,0.0016666666666666
117,client_73cda7b4e4f265ea,content_4e6c3f505541ee58,0.8024869568050622,refresh_priority,weak_position|low_ctr,high,846.0,2.0,28.55477209403234,0.0023640661938534
118,client_a22068e339bf95f5,content_3856798783cee527,0.8024762185145614,refresh_priority,low_ctr,high,786.0,0.0,4.689564120293974,0.0
119,client_23a62021009f63c4,content_2cd9e971a81af9c9,0.8021594034111217,refresh_priority,weak_position,high,699.0,2.0,17.778581119820153,0.0028612303290414
120,client_73cda7b4e4f265ea,content_419dc7d89aee9698,0.8021592015039115,refresh_priority,weak_position|low_ctr,high,1939.0,2.0,17.710259604631094,0.001031459515214
121,client_73cda7b4e4f265ea,content_c8e2ccf761d35142,0.8021126226071503,refresh_priority,weak_position|low_ctr,high,1986.0,3.0,13.816896684254816,0.0015105740181268
122,client_73cda7b4e4f265ea,content_952c34acafafa6fd,0.8019729789359686,refresh_priority,low_ctr,high,1724.0,1.0,7.606747022745084,0.0005800464037122
123,client_9958f0a7ae1df715,content_6e6a3c345f5ba170,0.8019122578753202,refresh_priority,weak_position,high,306.0,1.0,48.28776735716391,0.0032679738562091
124,client_810019792c9b8efc,content_a81b1482c9f24580,0.8017209271373352,refresh_priority,weak_position,high,996.0,3.0,11.985758157429112,0.003012048192771
125,client_fef1a8f436438636,content_3814cfa7d44d2a9d,0.8015635220061325,refresh_priority,weak_position,high,575.0,2.0,15.295317644985664,0.0034782608695652
126,client_810019792c9b8efc,content_e25e475f477f4187,0.8015629482583421,refresh_priority,weak_position,high,1052.0,3.0,22.582744656302506,0.0028517110266159
127,client_fef1a8f436438636,content_fa731a1b57a787aa,0.8014090820260291,refresh_priority,weak_position|low_ctr,high,1231.0,1.0,15.936546321259884,0.000812347684809
128,client_23a62021009f63c4,content_29b8cc9c0026b625,0.8013668672217704,refresh_priority,weak_position,high,858.0,3.0,15.522354446790873,0.0034965034965034
129,client_b10cb2997d0c7c86,content_7e48177afa81c204,0.8009477575045718,refresh_priority,weak_position|low_ctr,high,290.0,0.0,23.51247187176279,0.0
130,client_9958f0a7ae1df715,content_1694d6f2d9e55500,0.8006310803330762,refresh_priority,weak_position,high,656.0,2.0,21.790030799882576,0.0030487804878048
131,client_a80fca3f171ed1de,content_dfb6f9736ee2d3d8,0.8005480080167128,refresh_priority,weak_position|low_ctr,high,769.0,1.0,13.56931096682582,0.0013003901170351
132,client_e547b89c05043229,content_ffcda9fdaf98d9c9,0.8004813705571155,refresh_priority,weak_position|low_ctr,high,159.0,0.0,39.98448051948051,0.0
133,client_9958f0a7ae1df715,content_f542518ee28e691e,0.8003479153621091,refresh_priority,weak_position|low_ctr,high,419.0,1.0,16.37966325120814,0.0023866348448687
134,client_e5c2aa26a8598242,content_cf649d8e70299bbb,0.8003378031679175,refresh_priority,low_ctr,high,1388.0,2.0,7.9711605807156225,0.0014409221902017
135,client_b10cb2997d0c7c86,content_5456a019430a25ae,0.8003062562578886,refresh_priority,weak_position|low_ctr,high,193.0,0.0,22.09506012506013,0.0
136,client_b10cb2997d0c7c86,content_c34d1700492d317a,0.8002901579886763,refresh_priority,weak_position|low_ctr,high,3194.0,1.0,10.17643188131552,0.0003130870381966
137,client_9958f0a7ae1df715,content_f30d32b8f52f75dd,0.8002753609569174,refresh_priority,weak_position|low_ctr,high,323.0,0.0,24.256732150504945,0.0
138,client_a80fca3f171ed1de,content_73ae9dc6b80dc6e4,0.8001424209685661,refresh_priority,weak_position|low_ctr,high,689.0,1.0,18.584462660047304,0.0014513788098693
139,client_a80fca3f171ed1de,content_ecdace3466e48d8d,0.7999798047642367,refresh_priority,low_ctr,high,1660.0,4.0,8.397153673683848,0.0024096385542168
140,client_73cda7b4e4f265ea,content_23c4f00db0b8cdde,0.799847579019507,refresh_priority,weak_position|low_ctr,high,2270.0,1.0,15.26191259147902,0.0004405286343612
141,client_fef1a8f436438636,content_ca309289044a5402,0.7998220992337937,refresh_priority,weak_position|low_ctr,high,842.0,1.0,13.766805694039611,0.001187648456057
142,client_9958f0a7ae1df715,content_c5c8a9160d8b64ae,0.7997760092262545,refresh_priority,weak_position,high,356.0,1.0,50.34932536518063,0.0028089887640449
143,client_23a62021009f63c4,content_beedaa96e88cf477,0.7997411817232538,refresh_priority,weak_position|low_ctr,high,2230.0,4.0,42.524202482336,0.0017937219730941
144,client_b10cb2997d0c7c86,content_077bee5ee97a1e6b,0.7994145134339774,refresh_priority,weak_position|low_ctr,high,2197.0,0.0,27.389308764137542,0.0
145,client_23a62021009f63c4,content_e6bc42145abcf0df,0.7991767474034119,refresh_priority,weak_position|low_ctr,high,1423.0,3.0,39.512203606845375,0.0021082220660576
146,client_23a62021009f63c4,content_48ad71fcc8913ef9,0.7991077649413981,refresh_priority,weak_position|low_ctr,high,1555.0,3.0,27.620696048870307,0.0019292604501607
147,client_23a62021009f63c4,content_0dfd0fdb086ebf87,0.7990325954122053,refresh_priority,weak_position|low_ctr,high,4544.0,4.0,20.466792672095856,0.0008802816901408
148,client_73cda7b4e4f265ea,content_9cb3b818ad1a3d30,0.7988792810449646,refresh_priority,weak_position|low_ctr,high,194.0,0.0,10.39730278980279,0.0
149,client_a80fca3f171ed1de,content_48d29fb3160761f9,0.7988741754975712,refresh_priority,weak_position|low_ctr,high,889.0,1.0,10.286048318383534,0.0011248593925759
150,client_73cda7b4e4f265ea,content_2a2f734091efba8a,0.7988451754952445,refresh_priority,low_ctr,high,1852.0,2.0,9.2106057910467,0.0010799136069114
151,client_73cda7b4e4f265ea,content_0c45b1a459c05371,0.798829853087863,refresh_priority,weak_position|low_ctr,high,1662.0,4.0,15.965606526122215,0.0024067388688327
152,client_810019792c9b8efc,content_659a51a6fcdede8f,0.7988201941818625,refresh_priority,weak_position,high,1152.0,4.0,18.97304663932517,0.0034722222222222
153,client_fef1a8f436438636,content_850faca3f9acf146,0.7985091777573241,refresh_priority,weak_position|low_ctr,high,421.0,1.0,16.930580972617417,0.002375296912114
154,client_23a62021009f63c4,content_dacd25f1444c7524,0.7984118263797411,refresh_priority,weak_position|low_ctr,high,1453.0,3.0,14.2000047255862,0.0020646937370956
155,client_810019792c9b8efc,content_8960bf8ba2c70658,0.7982768865592509,refresh_priority,general_review,high,1029.0,3.0,7.892576953495758,0.0029154518950437
156,client_23a62021009f63c4,content_7f0aed749dd85533,0.7982573278295445,refresh_priority,weak_position,high,726.0,2.0,20.151226571767705,0.0027548209366391
157,client_b10cb2997d0c7c86,content_90e996f3988dc24f,0.7981888833856374,refresh_priority,weak_position|low_ctr,high,286.0,0.0,24.2535177970178,0.0
158,client_73cda7b4e4f265ea,content_20d0890d80dec57b,0.7981706462563267,refresh_priority,weak_position|low_ctr,high,1293.0,2.0,14.45483628540923,0.0015467904098994
159,client_73cda7b4e4f265ea,content_0582fc364e6465c5,0.7981069763071409,refresh_priority,weak_position|low_ctr,high,1269.0,2.0,14.666318061263988,0.0015760441292356
160,client_73cda7b4e4f265ea,content_7cb00d346a6df58a,0.7980746805693604,refresh_priority,weak_position|low_ctr,high,477.0,0.0,15.860328038333115,0.0
161,client_23a62021009f63c4,content_bc204ccc71222475,0.7979916246086785,refresh_priority,weak_position|low_ctr,high,911.0,2.0,15.556866039375423,0.0021953896816684
162,client_b10cb2997d0c7c86,content_fac45a20ce237996,0.7979826499360625,refresh_priority,weak_position|low_ctr,high,1097.0,0.0,17.07073929609419,0.0
163,client_86ebc2f12c01f586,content_3420aa4a7985a4d9,0.7975597211891919,refresh_priority,weak_position|low_ctr,high,692.0,0.0,18.79764669536812,0.0
164,client_1a8bf67cad4ee525,content_ef80acf871614432,0.7974409759315145,refresh_priority,weak_position|low_ctr,high,697.0,0.0,28.126291675911983,0.0
165,client_73cda7b4e4f265ea,content_b0c24e1d382e0324,0.7973662300256754,refresh_priority,weak_position|low_ctr,high,1464.0,2.0,17.364102201706867,0.0013661202185792
166,client_23a62021009f63c4,content_fec4112d9b76e952,0.7968336279064151,refresh_priority,weak_position|low_ctr,high,1170.0,2.0,20.79716695609348,0.0017094017094017
167,client_9958f0a7ae1df715,content_d2136d9ae7ad072c,0.7966819564945252,refresh_priority,weak_position|low_ctr,high,305.0,0.0,11.442642227527138,0.0
168,client_9958f0a7ae1df715,content_c746f544161a1218,0.7966579787140269,refresh_priority,weak_position|low_ctr,high,689.0,1.0,20.6725093871613,0.0014513788098693
169,client_73cda7b4e4f265ea,content_0b7c8fd71f27a89d,0.7964980737222048,refresh_priority,weak_position|low_ctr,high,158.0,0.0,28.11358465608466,0.0
170,client_9958f0a7ae1df715,content_98d8996ce83fdb7d,0.7962374169160206,refresh_priority,weak_position|low_ctr,high,3185.0,0.0,11.254110725320198,0.0
171,client_810019792c9b8efc,content_19778e1a01d4f5c4,0.796218060015033,refresh_priority,weak_position|low_ctr,high,1094.0,1.0,51.28544410968099,0.0009140767824497
172,client_73cda7b4e4f265ea,content_c7a5cd57607fca2f,0.7962141023184851,refresh_priority,weak_position|low_ctr,high,1688.0,2.0,17.490352930271914,0.0011848341232227
173,client_73cda7b4e4f265ea,content_7841e3421151e7ef,0.7961196954377374,refresh_priority,weak_position|low_ctr,high,1859.0,4.0,11.449326224860217,0.0021516944593867
174,client_810019792c9b8efc,content_86231a30273179f9,0.7959913424934736,refresh_priority,low_ctr,high,391.0,1.0,7.876130401883445,0.0025575447570332
175,client_73cda7b4e4f265ea,content_29daa4595ffdfeb6,0.7955692119391566,refresh_priority,weak_position,high,1073.0,3.0,11.912782276352866,0.0027958993476234
176,client_23a62021009f63c4,content_2eecb7dc09096daf,0.7955508444336689,refresh_priority,weak_position|low_ctr,high,5690.0,4.0,16.81633010273973,0.0007029876977152
177,client_810019792c9b8efc,content_bb1cc441eb9775f4,0.7951333741987248,refresh_priority,weak_position|low_ctr,high,820.0,2.0,12.289739144252255,0.0024390243902439
178,client_23a62021009f63c4,content_024bd015f13015ba,0.7951320876305569,refresh_priority,weak_position|low_ctr,high,175.0,0.0,16.943293650793652,0.0
179,client_23a62021009f63c4,content_f81c45e385ff6d96,0.7950030729465289,refresh_priority,weak_position|low_ctr,high,945.0,1.0,38.8046908599112,0.001058201058201
180,client_9958f0a7ae1df715,content_0217be03126aa7a5,0.7950024415804633,refresh_priority,low_ctr,high,1526.0,1.0,8.759919317663567,0.0006553079947575
181,client_b10cb2997d0c7c86,content_14c4d81df682d435,0.7949947796426251,refresh_priority,weak_position|low_ctr,high,280.0,0.0,38.22359174479917,0.0
182,client_23a62021009f63c4,content_231ed62f360dad0b,0.7947697463488191,refresh_priority,weak_position|low_ctr,high,1323.0,1.0,29.177358151821863,0.000755857898715
183,client_23a62021009f63c4,content_0a8e61d7f83b43f0,0.7941707652148315,refresh_priority,weak_position|low_ctr,high,5035.0,3.0,29.206476319563368,0.0005958291956305
184,client_810019792c9b8efc,content_0db617e74bdb53aa,0.7938599052363673,refresh_priority,weak_position|low_ctr,high,1105.0,1.0,10.57664051005239,0.0009049773755656
185,client_23a62021009f63c4,content_cc5a260ecdef3059,0.7937908312273666,refresh_priority,weak_position|low_ctr,high,1504.0,3.0,17.465690560377798,0.0019946808510638
186,client_9958f0a7ae1df715,content_a64143f6e4a21ffe,0.7937631081080606,refresh_priority,weak_position,high,323.0,1.0,42.28670488931358,0.0030959752321981
187,client_23a62021009f63c4,content_a21d410de9b6c477,0.7937186471233181,refresh_priority,weak_position|low_ctr,high,178.0,0.0,39.34477466977467,0.0
188,client_b10cb2997d0c7c86,content_b87cb5c22d26872d,0.7936588492498999,refresh_priority,low_ctr,high,1840.0,3.0,7.09868872085697,0.0016304347826086
189,client_23a62021009f63c4,content_b33187dd7d895c5e,0.7936567790871142,refresh_priority,weak_position|low_ctr,high,1216.0,3.0,15.018840395322576,0.0024671052631578
190,client_23a62021009f63c4,content_0b0607c7f548c893,0.7936535095303283,refresh_priority,weak_position,high,642.0,2.0,18.537148931004456,0.0031152647975077
191,client_a80fca3f171ed1de,content_b26241fd93e49f18,0.7936233449242065,refresh_priority,weak_position|low_ctr,high,179.0,0.0,33.36849335849335,0.0
192,client_9958f0a7ae1df715,content_595efaad7b0c2aa9,0.7935650213648848,refresh_priority,weak_position|low_ctr,high,1010.0,1.0,10.63410732912378,0.0009900990099009
193,client_23a62021009f63c4,content_cf9832c2a25dd1b3,0.7934321241612675,refresh_priority,weak_position|low_ctr,high,1952.0,1.0,34.08837563683396,0.0005122950819672
194,client_810019792c9b8efc,content_172c94824bc864d1,0.7932888986276285,refresh_priority,weak_position,high,583.0,2.0,13.50392079308369,0.0034305317324185
195,client_1a730cb2640a1abf,content_041aa5c9f3fcbedc,0.7929570484231816,refresh_priority,weak_position|low_ctr,high,4523.0,4.0,14.145733937808364,0.000884368781782
196,client_810019792c9b8efc,content_0922f0305e1113c9,0.7925391190819419,refresh_priority,low_ctr,high,852.0,2.0,6.7017159177209695,0.0023474178403755
197,client_73cda7b4e4f265ea,content_152bd8df57ac9652,0.7924027172064502,refresh_priority,low_ctr,high,6797.0,2.0,7.746938517716439,0.0002942474621156
198,client_810019792c9b8efc,content_fe6dbcf3c3b9601d,0.7921283705823825,refresh_priority,low_ctr,high,623.0,1.0,6.152137110209479,0.0016051364365971
199,client_a80fca3f171ed1de,content_92df948181173488,0.7920256117942734,refresh_priority,weak_position|low_ctr,high,766.0,2.0,14.200997383848645,0.0026109660574412
200,client_9958f0a7ae1df715,content_de8acd35fc066640,0.7919889415469291,refresh_priority,weak_position|low_ctr,high,532.0,1.0,24.395508399537768,0.0018796992481203
201,client_9958f0a7ae1df715,content_43e2f39f8ecdf102,0.7917670823359744,refresh_priority,weak_position|low_ctr,high,432.0,0.0,18.05329688011934,0.0
202,client_20259bd6705d81d4,content_ebb1755e18b020e0,0.7914084997672629,refresh_priority,weak_position|low_ctr,high,167.0,0.0,18.880479427979427,0.0
203,client_9958f0a7ae1df715,content_cc0d01bc1c45f887,0.7910603960137378,refresh_priority,weak_position|low_ctr,high,643.0,1.0,23.858953887709035,0.0015552099533437
204,client_a22068e339bf95f5,content_109c1aa2ecea9b73,0.7909834365739653,refresh_priority,low_ctr,high,1596.0,3.0,4.90704646464775,0.0018796992481203
205,client_23a62021009f63c4,content_895c77b109eea273,0.7909559115262388,refresh_priority,weak_position|low_ctr,high,1044.0,2.0,18.539261925516016,0.0019157088122605
206,client_810019792c9b8efc,content_5abeec1f4dcc6d4a,0.7907121002808137,refresh_priority,weak_position|low_ctr,high,1455.0,3.0,10.901303441574,0.002061855670103
207,client_9958f0a7ae1df715,content_986d48a790f0f5ad,0.790600914221566,refresh_priority,weak_position,high,270.0,1.0,32.08877525329551,0.0037037037037037
208,client_157ffe4d4a595515,content_ed2cda6ccf68f914,0.7905060980699794,refresh_priority,weak_position|low_ctr,high,3556.0,1.0,15.509396951050473,0.0002812148481439
209,client_1a730cb2640a1abf,content_5e04b9647b83d5a4,0.7903819537130099,refresh_priority,low_ctr,high,2487.0,2.0,8.335262205856418,0.0008041817450743
210,client_157ffe4d4a595515,content_6d511349463bf495,0.7903799800818038,refresh_priority,low_ctr,high,574.0,1.0,7.914770012838899,0.0017421602787456
211,client_810019792c9b8efc,content_d732aa83122096dc,0.7902836281354597,refresh_priority,weak_position|low_ctr,high,185.0,0.0,25.999790764790767,0.0
212,client_73cda7b4e4f265ea,content_2a88b0c64e6d90f2,0.7901527837979078,refresh_priority,low_ctr,high,948.0,1.0,7.50575394112391,0.0010548523206751
213,client_e547b89c05043229,content_8c43ee05009f4f1d,0.7900639460270147,refresh_priority,weak_position|low_ctr,high,1563.0,3.0,25.7495883092836,0.0019193857965451
214,client_e5c2aa26a8598242,content_0f7a0ac49619c9ac,0.7897914562340886,refresh_priority,weak_position|low_ctr,high,590.0,0.0,30.65442208746794,0.0
215,client_b10cb2997d0c7c86,content_83043daea641f8fa,0.789674455709551,refresh_priority,low_ctr,high,3210.0,1.0,9.098328537365058,0.0003115264797507
216,client_73cda7b4e4f265ea,content_395674f4b82343cd,0.7895011071713064,refresh_priority,low_ctr,high,1711.0,3.0,7.223777331152544,0.0017533606078316
217,client_9958f0a7ae1df715,content_0f29eb1eece11b2f,0.7894965226740919,refresh_priority,weak_position,high,337.0,1.0,15.921701413723154,0.0029673590504451
218,client_73cda7b4e4f265ea,content_4c220e3aa531d8bc,0.7894084578314288,refresh_priority,weak_position|low_ctr,high,391.0,1.0,19.159048041330653,0.0025575447570332
219,client_810019792c9b8efc,content_c0dbfda31b4ee837,0.7892325240295199,refresh_priority,weak_position,high,374.0,1.0,18.623353007336632,0.0026737967914438
220,client_73cda7b4e4f265ea,content_1b8e74edb758df81,0.7891289097107981,refresh_priority,weak_position|low_ctr,high,3566.0,3.0,10.039184045159816,0.0008412787436904
221,client_a80fca3f171ed1de,content_15006119655fa918,0.7890455170370224,refresh_priority,low_ctr,high,793.0,2.0,6.1131684634755015,0.0025220680958385
222,client_810019792c9b8efc,content_00d10fd94850cd75,0.7890322995383409,refresh_priority,low_ctr,high,1503.0,3.0,8.11616078155859,0.0019960079840319
223,client_810019792c9b8efc,content_59f247fa446f3822,0.788926473778386,refresh_priority,weak_position|low_ctr,high,273.0,0.0,30.25343796702493,0.0
224,client_810019792c9b8efc,content_d98056aedb6ec93a,0.788699642051568,refresh_priority,low_ctr,high,405.0,1.0,7.681660113748775,0.0024691358024691
225,client_a80fca3f171ed1de,content_f9f151cb7c56eec6,0.788600423566596,refresh_priority,weak_position|low_ctr,high,1184.0,2.0,10.692555707986385,0.0016891891891891
226,client_a80fca3f171ed1de,content_4c3e8bc91c1558d2,0.7884818133192589,refresh_priority,low_ctr,high,429.0,0.0,9.20760291865471,0.0
227,client_a22068e339bf95f5,content_13ba0ac5444c8b00,0.7883923199654056,refresh_priority,low_ctr,high,1123.0,2.0,5.652331222633013,0.0017809439002671
228,client_810019792c9b8efc,content_2f64fbbf6bf7407c,0.7881604110409931,refresh_priority,weak_position|low_ctr,high,684.0,1.0,12.701661699327136,0.0014619883040935
229,client_810019792c9b8efc,content_326b9298310815b9,0.787992596699685,refresh_priority,weak_position|low_ctr,high,418.0,0.0,19.907877493728808,0.0
230,client_73cda7b4e4f265ea,content_6a53e192323f82aa,0.7879859879408734,refresh_priority,weak_position|low_ctr,high,804.0,2.0,17.212823097807835,0.0024875621890547
231,client_73cda7b4e4f265ea,content_313b5b3fabd959d0,0.787843694625887,refresh_priority,low_ctr,high,1563.0,3.0,8.889582913867313,0.0019193857965451
232,client_73cda7b4e4f265ea,content_0ac7b40d8b66b866,0.7877918241397098,refresh_priority,weak_position,high,936.0,3.0,13.076668781507385,0.0032051282051282
233,client_e547b89c05043229,content_09c54bd3c44cd6e9,0.7875772212647103,refresh_priority,weak_position|low_ctr,high,1802.0,2.0,27.694539032377303,0.0011098779134295
234,client_157ffe4d4a595515,content_400a88969fc6539e,0.7874578514315624,refresh_priority,weak_position|low_ctr,high,936.0,1.0,20.568556405788783,0.001068376068376
235,client_a80fca3f171ed1de,content_4770233513810725,0.7872205717063662,refresh_priority,weak_position|low_ctr,high,435.0,1.0,17.08779968831333,0.0022988505747126
236,client_23a62021009f63c4,content_fde6a19094646399,0.7870718594552617,refresh_priority,weak_position|low_ctr,high,1495.0,2.0,23.985088250332044,0.0013377926421404
237,client_9958f0a7ae1df715,content_ee1a1f271e2ee9d8,0.7870667942275628,refresh_priority,weak_position|low_ctr,high,603.0,1.0,43.96743103909525,0.0016583747927031
238,client_a80fca3f171ed1de,content_efad6c46ed90bd76,0.7870150737878678,refresh_priority,weak_position|low_ctr,high,1168.0,2.0,10.932951471493723,0.0017123287671232
239,client_a80fca3f171ed1de,content_026319ac306c5087,0.7870069732107634,refresh_priority,weak_position|low_ctr,high,3460.0,3.0,15.787653420281067,0.0008670520231213
240,client_73cda7b4e4f265ea,content_579169a7e2367b66,0.7869696012123116,refresh_priority,weak_position|low_ctr,high,1205.0,2.0,17.198476840630693,0.0016597510373443
241,client_b10cb2997d0c7c86,content_70ae78a94fcec633,0.7868824266066715,refresh_priority,weak_position|low_ctr,high,135.0,0.0,38.62286584330703,0.0
242,client_73cda7b4e4f265ea,content_a09a8e39a7cb2c63,0.7868802388566887,refresh_priority,weak_position|low_ctr,high,396.0,0.0,29.71970670117611,0.0
243,client_fef1a8f436438636,content_7cd8d216f86a89db,0.7868620712879343,refresh_priority,weak_position|low_ctr,high,374.0,0.0,19.070798563298563,0.0
244,client_810019792c9b8efc,content_83e1510c848d80e3,0.7868032436890543,refresh_priority,general_review,high,672.0,2.0,9.563888817905626,0.0029761904761904
245,client_b10cb2997d0c7c86,content_26621f12e648f00f,0.7866630533990056,refresh_priority,weak_position|low_ctr,high,481.0,1.0,10.724737104633215,0.002079002079002
246,client_810019792c9b8efc,content_0124c82b82c53c52,0.7866143002694277,refresh_priority,weak_position|low_ctr,high,386.0,1.0,19.450637479670085,0.0025906735751295
247,client_810019792c9b8efc,content_50d0ff4cf864e99a,0.7865728031297151,refresh_priority,weak_position|low_ctr,high,1323.0,2.0,12.959683011764897,0.00151171579743
248,client_a22068e339bf95f5,content_d902f0fd7f033882,0.7865357385203938,refresh_priority,general_review,high,1273.0,4.0,3.4014446618855083,0.0031421838177533
249,client_b10cb2997d0c7c86,content_1fe4907594a9410d,0.786230090893795,refresh_priority,weak_position|low_ctr,high,793.0,2.0,13.739314700681724,0.0025220680958385
250,client_810019792c9b8efc,content_66639e5cbecf5a47,0.7860699516925682,refresh_priority,weak_position,high,1026.0,4.0,13.678163067632394,0.0038986354775828
251,client_73cda7b4e4f265ea,content_af839db278728cab,0.7856253134855232,refresh_priority,low_ctr,high,8504.0,3.0,7.052273248088079,0.0003527751646284
252,client_23a62021009f63c4,content_afb55f62b5f05b27,0.7856049895905752,refresh_priority,weak_position|low_ctr,high,375.0,0.0,17.17269781144781,0.0
253,client_73cda7b4e4f265ea,content_b40ad3e8c5b79696,0.7855044611168724,refresh_priority,weak_position|low_ctr,high,687.0,0.0,38.23002240776309,0.0
254,client_9958f0a7ae1df715,content_b964fe8b25a3f35b,0.7854256737872489,refresh_priority,low_ctr,high,550.0,1.0,9.094203811161332,0.0018181818181818
255,client_73cda7b4e4f265ea,content_079c6d7771e4e5c9,0.785305666325533,refresh_priority,weak_position|low_ctr,high,1308.0,2.0,13.858411313993583,0.0015290519877675
256,client_810019792c9b8efc,content_4c5f9e8813c04199,0.7849570242891116,refresh_priority,weak_position|low_ctr,high,1164.0,2.0,16.160930684557872,0.0017182130584192
257,client_23a62021009f63c4,content_fb2c1cef7122724e,0.7845496315061211,refresh_priority,weak_position|low_ctr,high,3043.0,4.0,28.69608150480752,0.0013144922773578
258,client_b10cb2997d0c7c86,content_a1b907fc6a9a5b1c,0.784501990249579,refresh_priority,weak_position|low_ctr,high,362.0,0.0,25.03901011814521,0.0
259,client_23a62021009f63c4,content_9f2ba6b1964e8bbb,0.784470488773555,refresh_priority,weak_position|low_ctr,high,1856.0,4.0,19.479414765188253,0.0021551724137931
260,client_73cda7b4e4f265ea,content_5f2c2f9e08f94fc9,0.7844189740875762,refresh_priority,weak_position|low_ctr,high,665.0,0.0,20.098544113253507,0.0
261,client_73cda7b4e4f265ea,content_76d715b6085b4276,0.7844047866245972,refresh_priority,weak_position|low_ctr,high,8943.0,4.0,14.320289194563667,0.0004472772000447
262,client_810019792c9b8efc,content_deac40d60aeef2b3,0.7843435898201674,refresh_priority,weak_position|low_ctr,high,3234.0,2.0,11.13694545181696,0.0006184291898577
263,client_08d2847f24cf89c1,content_9935a5ab6d9192db,0.7843303881974235,refresh_priority,general_review,high,949.0,3.0,8.943749943127889,0.0031612223393045
264,client_fef1a8f436438636,content_ad9af05104734990,0.7841762588724038,refresh_priority,weak_position|low_ctr,high,2360.0,2.0,17.927223825464942,0.0008474576271186
265,client_b10cb2997d0c7c86,content_d561790a5d273861,0.7840936793054802,refresh_priority,weak_position|low_ctr,high,1520.0,2.0,14.714624582128131,0.0013157894736842
266,client_73cda7b4e4f265ea,content_bce0bdddf233f211,0.7839023236333182,refresh_priority,weak_position|low_ctr,high,245.0,0.0,32.859959392459395,0.0
267,client_73cda7b4e4f265ea,content_b33f89415730e650,0.7838299628674699,refresh_priority,weak_position|low_ctr,high,459.0,1.0,12.993046000565336,0.0021786492374727
268,client_23a62021009f63c4,content_372714c0917bf8ce,0.7837979112862742,refresh_priority,weak_position|low_ctr,high,1200.0,3.0,17.063056731571212,0.0025
269,client_9958f0a7ae1df715,content_ec049ff8109cf6bf,0.7836843440946045,refresh_priority,weak_position|low_ctr,high,190.0,0.0,18.4850641025641,0.0
270,client_23a62021009f63c4,content_62aa327e3f41f5b0,0.7833298865895649,refresh_priority,weak_position,high,1023.0,3.0,26.81352421762558,0.002932551319648
271,client_9958f0a7ae1df715,content_71e0f201b7a6ad90,0.7831456982690435,refresh_priority,general_review,high,894.0,3.0,7.940385699633463,0.0033557046979865
272,client_23a62021009f63c4,content_475515f4966d0ad6,0.7830299981468299,refresh_priority,weak_position,high,1016.0,3.0,40.4314902949696,0.0029527559055118
273,client_fef1a8f436438636,content_82ae098e6c7be989,0.78288242167141,refresh_priority,weak_position,high,362.0,1.0,25.85651648546385,0.0027624309392265
274,client_1a8bf67cad4ee525,content_3269e4c2b753af7e,0.7828106738766049,refresh_priority,low_ctr,high,1196.0,2.0,7.379375113815431,0.0016722408026755
275,client_fef1a8f436438636,content_87bc70dbf26df4b9,0.7826143028332042,refresh_priority,weak_position|low_ctr,high,180.0,0.0,34.69922087172087,0.0
276,client_9958f0a7ae1df715,content_43acdf67188c4f86,0.7822376386840932,refresh_priority,weak_position|low_ctr,high,1081.0,1.0,11.108703071029982,0.0009250693802035
277,client_73cda7b4e4f265ea,content_aa1d5e27041a3f06,0.7821400416085399,refresh_priority,weak_position|low_ctr,high,519.0,0.0,26.140101141834883,0.0
278,client_73cda7b4e4f265ea,content_f0b695d9001c0f9e,0.7819898654075412,refresh_priority,low_ctr,high,2670.0,3.0,7.105080144785402,0.0011235955056179
279,client_e5c2aa26a8598242,content_c44c443d93ba41c1,0.7819267471974373,refresh_priority,low_ctr,high,1565.0,3.0,8.672821002407863,0.0019169329073482
280,client_810019792c9b8efc,content_4cf76fef722ddbc7,0.7818954778077377,refresh_priority,low_ctr,high,2024.0,3.0,7.125587959107505,0.0014822134387351
281,client_fef1a8f436438636,content_5273b04321fb85d2,0.7818844700425205,refresh_priority,weak_position,high,795.0,3.0,17.74647102667327,0.0037735849056603
282,client_810019792c9b8efc,content_75049031f77de69e,0.7817959728097795,refresh_priority,weak_position,high,889.0,3.0,10.600836900237832,0.0033745781777277
283,client_a80fca3f171ed1de,content_31dba5cc9f6a2a1c,0.7817758640211058,refresh_priority,weak_position|low_ctr,high,1453.0,2.0,45.534769234672765,0.0013764624913971
284,client_73cda7b4e4f265ea,content_8696d48f4b5284be,0.7816073664600987,refresh_priority,weak_position|low_ctr,high,772.0,0.0,25.57905309665527,0.0
285,client_fef1a8f436438636,content_becb3f2342a6d772,0.7815970088106712,refresh_priority,weak_position|low_ctr,high,656.0,1.0,52.39748689424616,0.0015243902439024
286,client_23a62021009f63c4,content_b5a8ddae884bd5a0,0.7815923500634496,refresh_priority,weak_position|low_ctr,high,596.0,0.0,35.176933827611634,0.0
287,client_73cda7b4e4f265ea,content_fe473dddb96a103e,0.7814551213469401,refresh_priority,weak_position|low_ctr,high,1264.0,0.0,59.61603616191071,0.0
288,client_73cda7b4e4f265ea,content_f74058b53c3c3c0c,0.7811942424962922,refresh_priority,weak_position|low_ctr,high,1034.0,2.0,20.846163082188752,0.0019342359767891
289,client_1a8bf67cad4ee525,content_2fbb518f9e4e8efb,0.7811853551520596,refresh_priority,weak_position|low_ctr,high,1216.0,0.0,10.77929521973792,0.0
290,client_65de48885f4ef01b,content_f01ff965c8cff1cb,0.7809501660000642,refresh_priority,low_ctr,high,1571.0,2.0,8.202064983984343,0.0012730744748567
291,client_810019792c9b8efc,content_fff5827af88702a0,0.780815074555055,refresh_priority,weak_position,high,524.0,2.0,14.664535228901372,0.0038167938931297
292,client_23a62021009f63c4,content_379f5cb1e9ecd991,0.7807977724483914,refresh_priority,low_ctr,high,190.0,0.0,7.604886659234485,0.0
293,client_810019792c9b8efc,content_3950207e96d96c91,0.7807427442112631,refresh_priority,weak_position|low_ctr,high,201.0,0.0,24.173312815199225,0.0
294,client_810019792c9b8efc,content_8314fa5cea61a35e,0.780630603538026,refresh_priority,low_ctr,high,1204.0,3.0,3.9577281298993054,0.0024916943521594
295,client_9958f0a7ae1df715,content_0bc92dc9a2b29de5,0.780575268785058,refresh_priority,weak_position|low_ctr,high,184.0,0.0,41.63811732857786,0.0
296,client_73cda7b4e4f265ea,content_f2f50fef6e561e59,0.7804687685017804,refresh_priority,weak_position|low_ctr,high,286.0,0.0,10.680864875864874,0.0
297,client_810019792c9b8efc,content_25d8fa7f60e572a1,0.7803484526137191,refresh_priority,weak_position,high,1023.0,4.0,37.67453409184792,0.0039100684261974
298,client_e547b89c05043229,content_0316555c0fa8d8b6,0.7802768269876921,refresh_priority,weak_position|low_ctr,high,1496.0,3.0,21.49359802902816,0.0020053475935828
299,client_a80fca3f171ed1de,content_d298ccc69375bc17,0.7801538209409556,refresh_priority,weak_position|low_ctr,high,3219.0,2.0,29.665416892460527,0.0006213109661385
300,client_23a62021009f63c4,content_bc79e597fe59aabe,0.7800849645417329,refresh_priority,weak_position,high,575.0,2.0,24.559217340134506,0.0034782608695652
301,client_20259bd6705d81d4,content_5fbd5351909bf4dc,0.780071052508566,refresh_priority,weak_position,high,831.0,3.0,23.81543688429552,0.003610108303249
302,client_73cda7b4e4f265ea,content_db9af8d364ec8d03,0.7799964846834875,refresh_priority,weak_position,high,869.0,3.0,13.109887312726029,0.003452243958573
303,client_23a62021009f63c4,content_5bf5b7f92bcd46ce,0.7797913585130746,refresh_priority,weak_position|low_ctr,high,980.0,0.0,24.66271645500857,0.0
304,client_73cda7b4e4f265ea,content_2d565d841973bf75,0.7796141044415533,refresh_priority,low_ctr,high,1248.0,0.0,9.091747414372682,0.0
305,client_fef1a8f436438636,content_181bb151a544dec4,0.7793295856723788,refresh_priority,weak_position|low_ctr,high,4515.0,4.0,11.51463533482294,0.0008859357696566
306,client_810019792c9b8efc,content_29e4d5452da97fe1,0.7792412180260125,refresh_priority,general_review,high,751.0,3.0,7.145254609685326,0.0039946737683089
307,client_73cda7b4e4f265ea,content_7b28e49f6748f2a7,0.7791396341331872,refresh_priority,weak_position,high,613.0,2.0,12.661277224421683,0.0032626427406199
308,client_0fa64a184f18a4a0,content_97aa7f1394387a36,0.7790785173517208,refresh_priority,weak_position|low_ctr,high,873.0,0.0,43.736874544569005,0.0
309,client_73cda7b4e4f265ea,content_537f04aae8999b04,0.7788378588740433,refresh_priority,weak_position|low_ctr,high,186.0,0.0,12.835263347763346,0.0
310,client_23a62021009f63c4,content_a67cb18bb23c754b,0.778653798033584,refresh_priority,weak_position,high,1099.0,3.0,15.692293880338145,0.002729754322111
311,client_73cda7b4e4f265ea,content_aa0f311110b707b4,0.7786498002139826,refresh_priority,weak_position|low_ctr,high,1465.0,1.0,26.288954285012164,0.0006825938566552
312,client_e5c2aa26a8598242,content_a31980613c9e06ee,0.7785029001078848,refresh_priority,weak_position|low_ctr,high,4478.0,5.0,24.992462851655795,0.0011165698972755
313,client_a80fca3f171ed1de,content_55da6d18684fbf89,0.7784761255356594,refresh_priority,weak_position|low_ctr,high,555.0,1.0,12.002310013621642,0.0018018018018018
314,client_a80fca3f171ed1de,content_d5025a09cb0d7008,0.7783932069207612,refresh_priority,low_ctr,high,4060.0,4.0,8.996644721043964,0.0009852216748768
315,client_fef1a8f436438636,content_8b56d54d92dab797,0.7782205797965037,refresh_priority,weak_position|low_ctr,high,615.0,0.0,10.27496536556281,0.0
316,client_20259bd6705d81d4,content_eb27aef87bf64775,0.7780837609329634,refresh_priority,weak_position,high,573.0,2.0,28.77112126208991,0.0034904013961605
317,client_73cda7b4e4f265ea,content_596c575fbc93a2a3,0.7780392039469468,refresh_priority,weak_position|low_ctr,high,791.0,2.0,18.50917054236368,0.0025284450063211
318,client_23a62021009f63c4,content_6ddf7fead4786cb4,0.7780150008182374,refresh_priority,weak_position|low_ctr,high,2834.0,3.0,33.486513599465255,0.0010585744530698
319,client_a22068e339bf95f5,content_4f34b855b04b73fe,0.7779407449734024,refresh_priority,low_ctr,high,1489.0,3.0,8.883230346948919,0.0020147750167897
320,client_73cda7b4e4f265ea,content_e352ca3d64eafc24,0.7777098554104628,refresh_priority,low_ctr,high,7331.0,3.0,7.696712213143301,0.0004092211158095
321,client_a80fca3f171ed1de,content_5cb2af95ff49775f,0.7776305848509818,refresh_priority,low_ctr,high,876.0,2.0,8.02617906669144,0.002283105022831
322,client_23a62021009f63c4,content_e7fa920142c22bff,0.7776124652948363,refresh_priority,weak_position,high,975.0,3.0,17.14653326421203,0.003076923076923
323,client_23a62021009f63c4,content_5467d426abd71d63,0.7774323909182028,refresh_priority,weak_position|low_ctr,high,3826.0,4.0,24.19585218133215,0.0010454783063251
324,client_73cda7b4e4f265ea,content_69a32e086d1037c4,0.7768595145230284,refresh_priority,weak_position,high,236.0,1.0,22.485878103378106,0.0042372881355932
325,client_b10cb2997d0c7c86,content_19fe58a2ea751679,0.7762749261398931,refresh_priority,weak_position|low_ctr,high,177.0,0.0,34.21418248418249,0.0
326,client_73cda7b4e4f265ea,content_0d12add6dbd0da75,0.7762628016441957,refresh_priority,weak_position|low_ctr,high,1540.0,4.0,10.453707121917857,0.0025974025974025
327,client_73cda7b4e4f265ea,content_3b9529fceb97b6bb,0.7761621243656991,refresh_priority,low_ctr,high,160.0,0.0,3.3181227269462568,0.0
328,client_73cda7b4e4f265ea,content_bb09f7e0f8e1f667,0.7761244222181634,refresh_priority,weak_position|low_ctr,high,1835.0,1.0,12.172378022788326,0.0005449591280653
329,client_810019792c9b8efc,content_8a50a7e083cdc0f6,0.7759015546760927,refresh_priority,low_ctr,high,356.0,0.0,6.565951387334301,0.0
330,client_23a62021009f63c4,content_979799969a9011ff,0.7756221167463272,refresh_priority,weak_position|low_ctr,high,1256.0,3.0,13.077696204077238,0.0023885350318471
331,client_a80fca3f171ed1de,content_5b989210740eaa42,0.7754957367824507,refresh_priority,low_ctr,high,2218.0,4.0,5.44323663224546,0.0018034265103697
332,client_23a62021009f63c4,content_8006b33e24fbca6a,0.7752331243853194,refresh_priority,weak_position|low_ctr,high,893.0,1.0,16.807774493936048,0.0011198208286674
333,client_b10cb2997d0c7c86,content_d8829218bd6750a2,0.7750942419491028,refresh_priority,weak_position|low_ctr,high,471.0,1.0,11.812030103150654,0.0021231422505307
334,client_a22068e339bf95f5,content_a10ea2cc5d7ae8f8,0.7748542507929215,refresh_priority,low_ctr,high,881.0,0.0,4.579327653191026,0.0
335,client_73cda7b4e4f265ea,content_bd68ab28dd0273be,0.7747186789487892,refresh_priority,weak_position|low_ctr,high,1383.0,0.0,11.387350497388065,0.0
336,client_fef1a8f436438636,content_d648f58e41260293,0.7742721797479245,refresh_priority,weak_position,high,287.0,1.0,50.561155793524215,0.0034843205574912
337,client_810019792c9b8efc,content_d584362bd658d518,0.7740700445201557,refresh_priority,weak_position|low_ctr,high,1750.0,1.0,13.792674005581253,0.0005714285714285
338,client_a80fca3f171ed1de,content_701c7e336cd773d1,0.7740195816504086,refresh_priority,low_ctr,high,1228.0,2.0,5.21175811434411,0.001628664495114
339,client_a80fca3f171ed1de,content_7e62c5e8a6e8107c,0.7739573868134364,refresh_priority,low_ctr,high,1086.0,0.0,8.995767947569423,0.0
340,client_73cda7b4e4f265ea,content_50aec8b22f1a7fce,0.7738190225957747,refresh_priority,weak_position|low_ctr,high,1811.0,1.0,18.85308657349561,0.0005521811154058
341,client_23a62021009f63c4,content_3705f5b22861d294,0.7738096330849196,refresh_priority,weak_position|low_ctr,high,7455.0,4.0,32.414923423366155,0.0005365526492287
342,client_a22068e339bf95f5,content_78b4ad40e03d327f,0.7737813338104297,refresh_priority,general_review,high,604.0,2.0,5.360692924331612,0.0033112582781456
343,client_73cda7b4e4f265ea,content_d31860982f9597eb,0.7737307760261746,refresh_priority,weak_position|low_ctr,high,1686.0,1.0,12.489034880798634,0.0005931198102016
344,client_a80fca3f171ed1de,content_a233e30d3f36226f,0.7737099615301372,refresh_priority,low_ctr,high,1219.0,0.0,9.827605699350022,0.0
345,client_810019792c9b8efc,content_1cb68c38c2a9b645,0.7736301773184824,refresh_priority,weak_position|low_ctr,high,258.0,0.0,17.01327826444459,0.0
346,client_b10cb2997d0c7c86,content_7b91f8dbe591957f,0.7734456721010408,refresh_priority,weak_position|low_ctr,high,210.0,0.0,11.3194394685774,0.0
347,client_a80fca3f171ed1de,content_9e993dfa3609bacc,0.7731971852071726,refresh_priority,low_ctr,high,1286.0,3.0,6.710353374632697,0.0023328149300155
348,client_3f0ce4d44fe94f3d,content_356723e9a5cfdfdb,0.7731621895146035,refresh_priority,low_ctr,high,3534.0,4.0,8.483352201369781,0.0011318619128466
349,client_b10cb2997d0c7c86,content_6056e53e3c94ed6c,0.7731113495891425,refresh_priority,low_ctr,high,740.0,1.0,9.976710759618824,0.0013513513513513
350,client_b10cb2997d0c7c86,content_05f68bef0a2d9f36,0.7731112790408697,refresh_priority,low_ctr,high,26583.0,3.0,8.673760750684396,0.0001128540796749
351,client_23a62021009f63c4,content_f778afb31e82439b,0.7730053399459579,refresh_priority,weak_position,high,1404.0,4.0,36.55398889713441,0.0028490028490028
352,client_9958f0a7ae1df715,content_d7c7b10436c4688b,0.7729993512424591,refresh_priority,weak_position|low_ctr,high,865.0,0.0,10.209230392752836,0.0
353,client_810019792c9b8efc,content_ae441cde9361e368,0.7729453316247191,refresh_priority,weak_position|low_ctr,high,1698.0,4.0,17.044641908430755,0.0023557126030624
354,client_73cda7b4e4f265ea,content_7b4b4212cccd4d8d,0.7729244251626227,refresh_priority,weak_position|low_ctr,high,3219.0,0.0,11.661534589960866,0.0
355,client_73cda7b4e4f265ea,content_1d4fa524b9cd5bdc,0.7728612234058819,refresh_priority,weak_position|low_ctr,high,1554.0,1.0,19.059508820130063,0.0006435006435006
356,client_20259bd6705d81d4,content_fe58a1b25705f94f,0.7727469585507655,refresh_priority,weak_position,high,1437.0,4.0,27.24059567688528,0.0027835768963117
357,client_73cda7b4e4f265ea,content_9faa44e5c718c25f,0.7727432116872758,refresh_priority,weak_position|low_ctr,high,551.0,0.0,13.12484573569944,0.0
358,client_e5c2aa26a8598242,content_d2fa142d5f63647e,0.7726115533992947,refresh_priority,low_ctr,high,134.0,0.0,6.8544091710758375,0.0
359,client_a80fca3f171ed1de,content_dd7515729fe34390,0.7725310427823016,refresh_priority,weak_position|low_ctr,high,692.0,0.0,13.664157979467108,0.0
360,client_23a62021009f63c4,content_382bb9712d6d2655,0.7724744620067362,refresh_priority,weak_position,high,376.0,1.0,16.484621043349115,0.0026595744680851
361,client_810019792c9b8efc,content_d6d54e974768ec0d,0.772408658858983,refresh_priority,weak_position,high,614.0,2.0,19.730102303087783,0.003257328990228
362,client_23a62021009f63c4,content_cfd0668ac920754c,0.7723883999282907,refresh_priority,weak_position|low_ctr,high,1288.0,1.0,31.040000389162334,0.0007763975155279
363,client_a80fca3f171ed1de,content_f3a4fc1a60ea247f,0.7723053621257502,refresh_priority,weak_position|low_ctr,high,837.0,2.0,19.95605699022297,0.002389486260454
364,client_73cda7b4e4f265ea,content_0009794192b8357d,0.7721930236267086,refresh_priority,weak_position|low_ctr,high,163.0,0.0,31.792199084440465,0.0
365,client_73cda7b4e4f265ea,content_7f18d705d7bc7ff2,0.772170131382275,refresh_priority,weak_position|low_ctr,high,859.0,1.0,21.637671631446583,0.0011641443538998
366,client_9958f0a7ae1df715,content_b0304bc7fba01d68,0.7720657041184309,refresh_priority,weak_position|low_ctr,high,780.0,0.0,11.16389773733547,0.0
367,client_fef1a8f436438636,content_37b5ffe370ddcc55,0.7720017510185019,refresh_priority,weak_position|low_ctr,high,491.0,1.0,15.10018081737797,0.0020366598778004
368,client_73cda7b4e4f265ea,content_0b4f41544d1ea673,0.7719965851685281,refresh_priority,weak_position|low_ctr,high,421.0,0.0,35.66822331316276,0.0
369,client_b10cb2997d0c7c86,content_4b62c98a956400b0,0.7719877033548261,refresh_priority,weak_position,high,517.0,2.0,30.923436962574858,0.0038684719535783
370,client_fef1a8f436438636,content_c0aee7d3160478e1,0.7719470191631128,refresh_priority,weak_position|low_ctr,high,443.0,0.0,13.17434549082382,0.0
371,client_73cda7b4e4f265ea,content_71ce6614e9bd235f,0.7719447442110566,refresh_priority,weak_position,high,547.0,2.0,34.717670865416125,0.0036563071297989
372,client_fef1a8f436438636,content_2d8258a845552ded,0.7718582848450137,refresh_priority,weak_position|low_ctr,high,988.0,1.0,15.217356857953432,0.0010121457489878
373,client_23a62021009f63c4,content_aff27f0cb8a001c2,0.7716989463952327,refresh_priority,weak_position|low_ctr,high,1503.0,2.0,12.671566268561996,0.0013306719893546
374,client_fef1a8f436438636,content_b7d46e5ed4c320f8,0.7716521042083664,refresh_priority,weak_position|low_ctr,high,266.0,0.0,47.29793132793132,0.0
375,client_73cda7b4e4f265ea,content_03fcc8f8fb5a3fbf,0.7716389836002134,refresh_priority,low_ctr,high,1741.0,4.0,7.886467423705129,0.0022975301550832
376,client_9958f0a7ae1df715,content_0abdc47d7138dd42,0.7716310072662422,refresh_priority,weak_position,high,593.0,2.0,12.412914074955,0.0033726812816188
377,client_23a62021009f63c4,content_6e977f73c8dbaa1e,0.7715628678648453,refresh_priority,weak_position|low_ctr,high,349.0,0.0,11.100166660824556,0.0
378,client_e547b89c05043229,content_e70ab7e3c46c295c,0.7714770785843713,refresh_priority,low_ctr,high,236.0,0.0,8.500413790218888,0.0
379,client_73cda7b4e4f265ea,content_381d01dd80fa1194,0.7714688815716705,refresh_priority,weak_position|low_ctr,high,1222.0,2.0,15.457640386180053,0.0016366612111292
380,client_20259bd6705d81d4,content_6c9de35236535c24,0.7713528419479925,refresh_priority,low_ctr,high,2036.0,3.0,6.318223695354922,0.0014734774066797
381,client_9958f0a7ae1df715,content_a30775526c9d8c9f,0.771331647329794,refresh_priority,weak_position|low_ctr,high,649.0,0.0,21.84663197346526,0.0
382,client_b10cb2997d0c7c86,content_90522d09cdf7301c,0.7713211798988021,refresh_priority,weak_position|low_ctr,high,181.0,0.0,34.14382281252582,0.0
383,client_20259bd6705d81d4,content_42ad3280d3d27b7d,0.7712020849551826,refresh_priority,weak_position|low_ctr,high,730.0,1.0,35.02495806133414,0.0013698630136986
384,client_b10cb2997d0c7c86,content_1f030e07e1fe3e80,0.7711952249762202,refresh_priority,weak_position|low_ctr,high,224.0,0.0,26.607499157930192,0.0
385,client_73cda7b4e4f265ea,content_faed2430ec5b1787,0.771035040786949,refresh_priority,weak_position,high,459.0,2.0,12.647781953884897,0.0043572984749455
386,client_73cda7b4e4f265ea,content_8f0f1fcb07b98c96,0.7710088913517762,refresh_priority,weak_position,high,251.0,1.0,10.549151774151774,0.0039840637450199
387,client_810019792c9b8efc,content_bb069d0d132cd5c7,0.7710073194609426,refresh_priority,weak_position,high,1064.0,3.0,18.00708979992476,0.0028195488721804
388,client_73cda7b4e4f265ea,content_1cf7fcce82d3b783,0.7708212353460993,refresh_priority,low_ctr,high,1029.0,0.0,7.568951013496352,0.0
389,client_9958f0a7ae1df715,content_62936a15e113a366,0.7707561688620924,refresh_priority,low_ctr,high,1116.0,2.0,8.469570842037454,0.0017921146953405
390,client_73cda7b4e4f265ea,content_979d3ac8abe63321,0.7705444805371803,refresh_priority,low_ctr,high,101.0,0.0,9.806172839506171,0.0
391,client_b10cb2997d0c7c86,content_f6594d73180afd26,0.7704756028099831,refresh_priority,weak_position|low_ctr,high,513.0,0.0,10.938390338446457,0.0
392,client_73cda7b4e4f265ea,content_6667a5acd8f9c0aa,0.7704722012505081,refresh_priority,weak_position|low_ctr,high,928.0,2.0,10.179363623047228,0.0021551724137931
393,client_23a62021009f63c4,content_48f8500d32313017,0.7703647521063102,refresh_priority,weak_position|low_ctr,high,2036.0,0.0,11.544795094039904,0.0
394,client_e547b89c05043229,content_93578b6d35ad4a96,0.7703616762405685,refresh_priority,weak_position|low_ctr,high,790.0,1.0,26.24780741676162,0.0012658227848101
395,client_23a62021009f63c4,content_be39e9039f20d5ab,0.77034674282435,refresh_priority,weak_position|low_ctr,high,715.0,0.0,20.756767294958568,0.0
396,client_810019792c9b8efc,content_a13c82e234b09298,0.7703147952142869,refresh_priority,low_ctr,high,837.0,2.0,7.323456990809765,0.002389486260454
397,client_9958f0a7ae1df715,content_954a8b78f31e98fb,0.7702599640363426,refresh_priority,weak_position|low_ctr,high,202.0,0.0,70.11043262293263,0.0
398,client_b10cb2997d0c7c86,content_2ae40231810fa050,0.7701744294969671,refresh_priority,low_ctr,high,431.0,1.0,9.604652884588631,0.0023201856148491
399,client_73cda7b4e4f265ea,content_0abc64d99239c406,0.7701632414534162,refresh_priority,weak_position,high,661.0,2.0,16.59981634297644,0.0030257186081694
400,client_fef1a8f436438636,content_0a15bf2254e2f34d,0.7701520084340444,refresh_priority,weak_position|low_ctr,high,611.0,1.0,32.73609903317156,0.0016366612111292
401,client_9958f0a7ae1df715,content_e7584516963d5e4a,0.7701312952408663,refresh_priority,weak_position|low_ctr,high,188.0,0.0,50.945659799970144,0.0
402,client_810019792c9b8efc,content_25cd3657df812427,0.7701105953483833,refresh_priority,weak_position|low_ctr,high,485.0,0.0,14.50492074331306,0.0
403,client_b10cb2997d0c7c86,content_a231724191569eb1,0.7700257883752372,refresh_priority,weak_position|low_ctr,high,439.0,0.0,10.721547013033996,0.0
404,client_e5c2aa26a8598242,content_70ec6387a1db05a9,0.7699950168039802,refresh_priority,weak_position|low_ctr,high,584.0,1.0,30.025532983642893,0.0017123287671232
405,client_0fa64a184f18a4a0,content_9095e292a653ee0d,0.7699928296073771,refresh_priority,weak_position|low_ctr,high,716.0,0.0,33.851048049975056,0.0
406,client_23a62021009f63c4,content_063ecd7cddcf2ea0,0.7699221197594152,refresh_priority,weak_position|low_ctr,high,2506.0,0.0,14.304749499568652,0.0
407,client_73cda7b4e4f265ea,content_9d723af8463d9d58,0.7698947653579126,refresh_priority,weak_position|low_ctr,high,783.0,1.0,27.94388633423088,0.0012771392081736
408,client_23a62021009f63c4,content_7195fe7733721a7e,0.769867371967425,refresh_priority,weak_position|low_ctr,high,1370.0,2.0,34.79656234945498,0.0014598540145985
409,client_9958f0a7ae1df715,content_cef0eac3e7469bbe,0.7698513794704863,refresh_priority,low_ctr,high,3377.0,4.0,7.037635154597018,0.0011844832691738
410,client_810019792c9b8efc,content_a2ad42edf84575a7,0.7697852941865314,refresh_priority,low_ctr,high,2866.0,3.0,6.561084479008343,0.0010467550593161
411,client_157ffe4d4a595515,content_3a0072528dc2329b,0.7697822535386691,refresh_priority,weak_position|low_ctr,high,187.0,0.0,10.960691345691346,0.0
412,client_23a62021009f63c4,content_2756cf9073b67ce8,0.7697626176742899,refresh_priority,weak_position|low_ctr,high,3624.0,2.0,34.153474863761,0.0005518763796909
413,client_810019792c9b8efc,content_fcffb5d071fcbab1,0.7696991650845381,refresh_priority,weak_position|low_ctr,high,976.0,0.0,40.58055706212439,0.0
414,client_73cda7b4e4f265ea,content_cdfe913397ba0660,0.7696513114309529,refresh_priority,weak_position|low_ctr,high,645.0,0.0,20.52433555191795,0.0
415,client_9958f0a7ae1df715,content_5f984e0d0b2af09d,0.7695931304158092,refresh_priority,low_visibility_monitor_only,high,83.0,0.0,50.90093048713738,0.0
416,client_fef1a8f436438636,content_7c98f8eb4948ba62,0.7694844639971172,refresh_priority,weak_position|low_ctr,high,223.0,0.0,40.89597282347281,0.0
417,client_73cda7b4e4f265ea,content_e40ca9714645fbde,0.7694550969597519,refresh_priority,low_ctr,high,2280.0,1.0,7.336027551687886,0.000438596491228
418,client_73cda7b4e4f265ea,content_ace057ca72f322a7,0.7694024839378243,refresh_priority,weak_position|low_ctr,high,407.0,0.0,26.268353981711822,0.0
419,client_fef1a8f436438636,content_89c42f6c2e971a6e,0.7693837990060041,refresh_priority,weak_position|low_ctr,high,3256.0,2.0,25.843389752606758,0.0006142506142506
420,client_1a8bf67cad4ee525,content_9906b5b5b0e396aa,0.7693189074320758,refresh_priority,weak_position|low_ctr,high,1412.0,2.0,16.15200769392217,0.0014164305949008
421,client_73cda7b4e4f265ea,content_da502ab49920d0f6,0.7693140117759933,refresh_priority,weak_position|low_ctr,high,454.0,0.0,38.40090639274277,0.0
422,client_73cda7b4e4f265ea,content_960bd3053e254cc4,0.769289040441366,refresh_priority,weak_position|low_ctr,high,5997.0,2.0,20.02765204325367,0.000333500083375
423,client_73cda7b4e4f265ea,content_5326b6bfbab0876e,0.7692628832442019,refresh_priority,weak_position|low_ctr,high,333.0,0.0,42.002587000962,0.0
424,client_23a62021009f63c4,content_b2ebd494bcb02d4d,0.7692504361326502,refresh_priority,weak_position|low_ctr,high,381.0,0.0,31.98875068921637,0.0
425,client_1a8bf67cad4ee525,content_64bd07d5334411b2,0.7691402024027736,refresh_priority,low_ctr,high,963.0,1.0,7.888230483713639,0.0010384215991692
426,client_e547b89c05043229,content_4684cea588d5fb96,0.7691053709704677,refresh_priority,weak_position|low_ctr,high,1069.0,0.0,47.89320195069617,0.0
427,client_e547b89c05043229,content_5097bd35ade60df9,0.7689906916040632,refresh_priority,weak_position|low_ctr,high,567.0,0.0,57.21170637700944,0.0
428,client_810019792c9b8efc,content_41d7d93c7a8eec67,0.7689905069338628,refresh_priority,weak_position,high,708.0,3.0,10.096077620885191,0.0042372881355932
429,client_1a8bf67cad4ee525,content_3526ea2ae9cb48ee,0.7689596439892434,refresh_priority,low_ctr,high,270.0,0.0,8.23831319143819,0.0
430,client_810019792c9b8efc,content_b08e3e1a1e2a04ef,0.76891580991564,refresh_priority,weak_position|low_ctr,high,1230.0,2.0,15.21148684881167,0.0016260162601626
431,client_23a62021009f63c4,content_3bd75088797faf0a,0.7687713151417014,refresh_priority,weak_position|low_ctr,high,477.0,1.0,12.084945425080026,0.0020964360587002
432,client_73cda7b4e4f265ea,content_247a848e0d2b8220,0.7687391220380962,refresh_priority,weak_position|low_ctr,high,835.0,0.0,10.907085788589852,0.0
433,client_73cda7b4e4f265ea,content_a60e160f6a7584e5,0.7687362043853356,refresh_priority,weak_position|low_ctr,high,1045.0,2.0,16.139926782037193,0.0019138755980861
434,client_9958f0a7ae1df715,content_04b93a60b87a2376,0.7687334034137431,refresh_priority,low_ctr,high,709.0,0.0,7.510620215940727,0.0
435,client_a80fca3f171ed1de,content_3e9ad3dcbb3ab85a,0.7686764781550878,refresh_priority,weak_position|low_ctr,high,1656.0,4.0,10.31548250328772,0.002415458937198
436,client_810019792c9b8efc,content_69a6e2d3ec0bbe2b,0.768602528034479,refresh_priority,weak_position|low_ctr,high,371.0,0.0,19.587567822092204,0.0
437,client_b10cb2997d0c7c86,content_9c6d9d57801f1eba,0.7685703940945882,refresh_priority,weak_position|low_ctr,high,917.0,0.0,12.456333999565636,0.0
438,client_a80fca3f171ed1de,content_783f7bf30f65acbb,0.7684469789942316,refresh_priority,weak_position|low_ctr,high,1473.0,3.0,12.081602408392836,0.0020366598778004
439,client_23a62021009f63c4,content_77bb3431a4d38422,0.7684082146471716,refresh_priority,weak_position|low_ctr,high,1726.0,4.0,31.380825589244058,0.0023174971031286
440,client_e547b89c05043229,content_1b4dcab3aa241fc4,0.7682336983346424,refresh_priority,weak_position|low_ctr,high,317.0,0.0,25.343559542309546,0.0
441,client_a80fca3f171ed1de,content_7277b8b1f32aa8d9,0.7682055936484772,refresh_priority,general_review,high,1236.0,4.0,6.87826924427671,0.0032362459546925
442,client_73cda7b4e4f265ea,content_defbb7f8af89bef2,0.7680749818018386,refresh_priority,weak_position|low_ctr,high,139.0,0.0,16.110908535908536,0.0
443,client_73cda7b4e4f265ea,content_79d6ec7204fbde89,0.7680532203834806,refresh_priority,weak_position|low_ctr,high,336.0,0.0,19.271423538335306,0.0
444,client_a80fca3f171ed1de,content_9c1a3c61132f9ba8,0.767757612664523,refresh_priority,weak_position|low_ctr,high,1593.0,3.0,19.226790617509614,0.0018832391713747
445,client_23a62021009f63c4,content_de5041edaa052eb9,0.7677386435086778,refresh_priority,weak_position|low_ctr,high,264.0,0.0,24.836155326155325,0.0
446,client_73cda7b4e4f265ea,content_7be2bebef8aaf008,0.7677233799612343,refresh_priority,low_ctr,high,985.0,1.0,6.992790056861397,0.0010152284263959
447,client_73cda7b4e4f265ea,content_ea7c485f791e3c4c,0.7674578013620176,refresh_priority,weak_position|low_ctr,high,1286.0,2.0,12.5512575504749,0.0015552099533437
448,client_810019792c9b8efc,content_e162f88b51825578,0.7674429146829198,refresh_priority,low_ctr,high,2626.0,2.0,8.66882312765608,0.0007616146230007
449,client_23a62021009f63c4,content_411db15dd1de7dfe,0.7673794583056687,refresh_priority,weak_position,high,258.0,1.0,29.375701177907057,0.003875968992248
450,client_73cda7b4e4f265ea,content_077dbb908381a8fb,0.7673776539791415,refresh_priority,low_ctr,high,2717.0,5.0,8.988889283677164,0.0018402649981597
451,client_e5c2aa26a8598242,content_35931fb6273e51b7,0.7673514310577709,refresh_priority,low_ctr,high,1764.0,2.0,8.891069873916111,0.0011337868480725
452,client_fef1a8f436438636,content_390f53ef3ac31dfd,0.7673278833964634,refresh_priority,weak_position|low_ctr,high,1039.0,0.0,10.573816618543306,0.0
453,client_23a62021009f63c4,content_dee5f4ca3a0beea7,0.7672917269062494,refresh_priority,weak_position|low_ctr,high,1065.0,2.0,13.401405221951563,0.0018779342723004
454,client_73cda7b4e4f265ea,content_74207eeb9ff0cb6e,0.7672744986262795,refresh_priority,low_ctr,high,1336.0,0.0,9.73566621512755,0.0
455,client_a22068e339bf95f5,content_d1aa0ae4d35d47e8,0.7672661498138916,refresh_priority,weak_position|low_ctr,high,2308.0,5.0,12.371111878981916,0.0021663778162911
456,client_73cda7b4e4f265ea,content_c05ce285a2118665,0.7672594160866917,refresh_priority,weak_position,high,292.0,1.0,49.467121050174455,0.0034246575342465
457,client_23a62021009f63c4,content_f34fc10e8aa156fc,0.7672279358350508,refresh_priority,weak_position|low_ctr,high,399.0,0.0,25.294313561994507,0.0
458,client_73cda7b4e4f265ea,content_c7e7ab350d4b4337,0.7672163820822239,refresh_priority,low_ctr,high,1986.0,1.0,7.525524142869127,0.0005035246727089
459,client_23a62021009f63c4,content_82b7569d015a86a2,0.7671576070550625,refresh_priority,low_ctr,high,883.0,0.0,6.028448985392013,0.0
460,client_73cda7b4e4f265ea,content_d67976d7ee7da888,0.7671187456090129,refresh_priority,weak_position|low_ctr,high,291.0,0.0,13.26441281030653,0.0
461,client_73cda7b4e4f265ea,content_03b55312a2b17afc,0.7670516475109479,refresh_priority,weak_position|low_ctr,high,447.0,0.0,47.45359541980015,0.0
462,client_810019792c9b8efc,content_bfac14e573606d69,0.766920168750248,refresh_priority,weak_position|low_ctr,high,367.0,0.0,33.247746648815486,0.0
463,client_73cda7b4e4f265ea,content_6455e567f7d58472,0.7668406047962774,refresh_priority,weak_position|low_ctr,high,654.0,0.0,49.780445205425394,0.0
464,client_23a62021009f63c4,content_2fba0215e46c8f5d,0.7668278456873175,refresh_priority,weak_position|low_ctr,high,1913.0,2.0,10.864671415851584,0.0010454783063251
465,client_73cda7b4e4f265ea,content_c71796f274fe51b9,0.7667878504702219,refresh_priority,weak_position|low_ctr,high,1200.0,0.0,13.005206829366868,0.0
466,client_73cda7b4e4f265ea,content_95f403a1bf66298e,0.7667199099803806,refresh_priority,weak_position|low_ctr,high,549.0,0.0,25.39883683565701,0.0
467,client_a80fca3f171ed1de,content_ce2974c38f855ee6,0.7665730743676029,refresh_priority,low_ctr,high,4191.0,5.0,4.984093416034988,0.0011930326890956
468,client_fef1a8f436438636,content_3ab3658d07c055ea,0.7665652726424518,refresh_priority,weak_position|low_ctr,high,889.0,0.0,12.277667760833628,0.0
469,client_fef1a8f436438636,content_ad3a7c1338be8413,0.7665140172479485,refresh_priority,weak_position|low_ctr,high,553.0,0.0,20.856477904993312,0.0
470,client_73cda7b4e4f265ea,content_c80215334a7ecd5b,0.7664228983483599,refresh_priority,low_ctr,high,689.0,1.0,9.729998201061893,0.0014513788098693
471,client_810019792c9b8efc,content_e3801d28a73a98de,0.7663014924882067,refresh_priority,low_ctr,high,2190.0,5.0,6.084820389071538,0.002283105022831
472,client_73cda7b4e4f265ea,content_1f680d8d88e72033,0.7662817496193521,refresh_priority,weak_position|low_ctr,high,1125.0,0.0,37.407911758148266,0.0
473,client_73cda7b4e4f265ea,content_1e6c96da925a2eea,0.766231358927391,refresh_priority,weak_position|low_ctr,high,1093.0,0.0,38.89788719637256,0.0
474,client_9958f0a7ae1df715,content_a690b61cb0e861ae,0.7661964589562346,refresh_priority,weak_position,high,629.0,2.0,10.23018346210907,0.0031796502384737
475,client_23a62021009f63c4,content_24007ac44b9d1661,0.7661398366473139,refresh_priority,weak_position|low_ctr,high,1280.0,0.0,45.100098591944175,0.0
476,client_810019792c9b8efc,content_e91879b375fbe151,0.7661108561204141,refresh_priority,weak_position|low_ctr,high,969.0,1.0,10.36206172754435,0.001031991744066
477,client_73cda7b4e4f265ea,content_7a424bda7ecf6e1c,0.766061332237764,refresh_priority,weak_position|low_ctr,high,1479.0,0.0,43.50450261961175,0.0
478,client_73cda7b4e4f265ea,content_2921259ecb9addf3,0.7658599989299101,refresh_priority,weak_position|low_ctr,high,139.0,0.0,17.28557239057239,0.0
479,client_73cda7b4e4f265ea,content_1cb551b2a93eaec4,0.7657646197778365,refresh_priority,weak_position|low_ctr,high,1177.0,2.0,18.64108025781683,0.0016992353440951
480,client_73cda7b4e4f265ea,content_0ddd3ff82520a43a,0.7657466783091618,refresh_priority,low_ctr,high,5989.0,3.0,5.254846016021573,0.0005009183503088
481,client_73cda7b4e4f265ea,content_fe29bbf82d8385c6,0.7657348894820104,refresh_priority,low_ctr,high,301.0,0.0,9.066705995617289,0.0
482,client_a80fca3f171ed1de,content_dcd1ce1b5caa40f9,0.7657326584557438,refresh_priority,weak_position,high,1240.0,4.0,14.417385733048064,0.0032258064516129
483,client_73cda7b4e4f265ea,content_c06d4c35875572e5,0.7657074868376801,refresh_priority,weak_position|low_ctr,high,1782.0,0.0,12.202375442578948,0.0
484,client_86ebc2f12c01f586,content_53670471a7581553,0.7656218552355096,refresh_priority,low_ctr,high,2187.0,1.0,2.117264779294462,0.0004572473708276
485,client_73cda7b4e4f265ea,content_5762ebb09c7376f9,0.7656082799169762,refresh_priority,weak_position|low_ctr,high,274.0,0.0,22.40071863284338,0.0
486,client_810019792c9b8efc,content_9666fb1bfea27a00,0.7655974610409975,refresh_priority,weak_position|low_ctr,high,388.0,0.0,48.22623447911636,0.0
487,client_73cda7b4e4f265ea,content_670294bb13964ccb,0.7654098634831827,refresh_priority,weak_position|low_ctr,high,736.0,0.0,19.53853551166965,0.0
488,client_810019792c9b8efc,content_5c93a80f8696511f,0.7653949061227319,refresh_priority,weak_position,high,349.0,1.0,27.49410445694656,0.0028653295128939
489,client_73cda7b4e4f265ea,content_02e696327fc255d0,0.7653920843027366,refresh_priority,low_ctr,high,4833.0,2.0,9.43353247190212,0.0004138216428719
490,client_9958f0a7ae1df715,content_1b3e9ddcb50a52c8,0.7653891833943711,refresh_priority,weak_position|low_ctr,high,98.0,0.0,18.5675505050505,0.0
491,client_23a62021009f63c4,content_582a32591b0aabb9,0.7650637302854738,refresh_priority,weak_position|low_ctr,high,1423.0,2.0,24.259627921485095,0.0014054813773717
492,client_23a62021009f63c4,content_a7439490bab4a805,0.765019614831022,refresh_priority,weak_position|low_ctr,high,306.0,0.0,22.428587384837385,0.0
493,client_62f4a7e64f5e0096,content_6a3c5904987e0870,0.7649702858272679,refresh_priority,low_ctr,high,1475.0,1.0,2.129454920549983,0.0006779661016949
494,client_9958f0a7ae1df715,content_94ff3788be714c62,0.7648853105653837,refresh_priority,weak_position|low_ctr,high,166.0,0.0,72.6342857142857,0.0
495,client_86ebc2f12c01f586,content_36049e0dfafdfc1f,0.764859848805878,refresh_priority,low_ctr,high,724.0,0.0,7.492726212983856,0.0
496,client_73cda7b4e4f265ea,content_ca21ed88c34cc7a9,0.7648248378726192,refresh_priority,low_ctr,high,3903.0,7.0,8.656803832383446,0.0017934921854983
497,client_73cda7b4e4f265ea,content_5c00bee96890c06d,0.7648236143495349,refresh_priority,weak_position|low_ctr,high,274.0,0.0,42.48902218152219,0.0
498,client_810019792c9b8efc,content_25d96267eb816f27,0.7647015725075481,refresh_priority,low_ctr,high,203.0,0.0,8.796581289081292,0.0
499,client_9958f0a7ae1df715,content_aea7898a8aa3d31d,0.7646926611682492,refresh_priority,weak_position|low_ctr,high,110.0,0.0,43.98930041152263,0.0
500,client_23a62021009f63c4,content_dd18adfdbbde83ce,0.7646814820330288,refresh_priority,low_ctr,high,928.0,2.0,9.663164430131696,0.0021551724137931
501,client_73cda7b4e4f265ea,content_4042c5e3dde06766,0.7645650566824488,refresh_priority,weak_position|low_ctr,high,271.0,0.0,51.74469226425749,0.0
502,client_73cda7b4e4f265ea,content_77ec7e6a8b0085c2,0.7645585798253753,refresh_priority,low_ctr,high,3112.0,3.0,8.673514811362342,0.0009640102827763
503,client_62f4a7e64f5e0096,content_76e6ff25ab6c4636,0.7645516493776767,refresh_priority,low_ctr,high,1224.0,1.0,2.154442326563583,0.0008169934640522
504,client_23a62021009f63c4,content_814dd5589bc1a786,0.7644486149470008,refresh_priority,weak_position,high,1185.0,4.0,11.991071463791332,0.0033755274261603
505,client_a80fca3f171ed1de,content_0d85ebd6329e6a69,0.7644060222078669,refresh_priority,low_ctr,high,4686.0,5.0,7.705921176941687,0.0010670081092616
506,client_73cda7b4e4f265ea,content_b91b7f494a3ff6f1,0.7644035416594047,refresh_priority,weak_position|low_ctr,high,1882.0,0.0,14.367260907326129,0.0
507,client_23a62021009f63c4,content_7692b4b1ac62ada8,0.7643817613160379,refresh_priority,weak_position|low_ctr,high,444.0,0.0,19.96673189275583,0.0
508,client_73cda7b4e4f265ea,content_8bd60dd317fe54fd,0.7641538466742605,refresh_priority,weak_position|low_ctr,high,206.0,0.0,15.024392109500806,0.0
509,client_23a62021009f63c4,content_25e8ee1da3718617,0.7640877024945687,refresh_priority,weak_position|low_ctr,high,402.0,0.0,23.263766891409432,0.0
510,client_62f4a7e64f5e0096,content_ee4c34ff5d2603fb,0.7640219488705723,refresh_priority,low_ctr,high,1145.0,1.0,1.5460786923059502,0.0008733624454148
511,client_20259bd6705d81d4,content_a49e60cd53e68874,0.763957279974425,refresh_priority,weak_position|low_ctr,high,714.0,1.0,13.619957885849905,0.0014005602240896
512,client_73cda7b4e4f265ea,content_7af32ba722f277eb,0.7638727171194233,refresh_priority,weak_position|low_ctr,high,1963.0,0.0,10.711745496590725,0.0
513,client_86ebc2f12c01f586,content_59ee061f9e4f3104,0.763838529735558,refresh_priority,low_ctr,high,2442.0,1.0,2.5332164258638783,0.0004095004095004
514,client_73cda7b4e4f265ea,content_14bfdeb7129860e2,0.763819402792627,refresh_priority,weak_position|low_ctr,high,3863.0,3.0,12.2403746206781,0.0007765984985762
515,client_62f4a7e64f5e0096,content_dc1562dabe400b7a,0.7637810588007119,refresh_priority,low_ctr,high,861.0,1.0,1.5769911573299211,0.0011614401858304
516,client_62f4a7e64f5e0096,content_7d9e9e09fc101002,0.7637810588007119,refresh_priority,low_ctr,high,1031.0,1.0,1.7995608920386108,0.0009699321047526
517,client_62f4a7e64f5e0096,content_941d7428428f205f,0.7637810588007119,refresh_priority,low_ctr,high,935.0,1.0,1.8242943520357195,0.0010695187165775
518,client_1a8bf67cad4ee525,content_d90650fda8f41034,0.7637628343814806,refresh_priority,low_ctr,high,1926.0,2.0,6.593662770125571,0.0010384215991692
519,client_e5c2aa26a8598242,content_354f23cd1191133f,0.7636439886668975,refresh_priority,weak_position|low_ctr,high,3318.0,3.0,10.907062847640267,0.0009041591320072
520,client_62f4a7e64f5e0096,content_4b4d1473ed513c82,0.7636271660087999,refresh_priority,low_ctr,high,925.0,1.0,2.2076872224656205,0.001081081081081
521,client_62f4a7e64f5e0096,content_6ee816e0507411b4,0.7636271660087999,refresh_priority,low_ctr,high,871.0,1.0,2.0141350749090368,0.0011481056257175
522,client_73cda7b4e4f265ea,content_351b2a46bfa72b93,0.7636018840420412,refresh_priority,weak_position|low_ctr,high,4348.0,0.0,12.6458553797084,0.0
523,client_73cda7b4e4f265ea,content_15f28c3c32e77516,0.7635651034469154,refresh_priority,weak_position|low_ctr,high,423.0,0.0,26.412985231749083,0.0
524,client_73cda7b4e4f265ea,content_6b8322b0934d4b00,0.7635595576728029,refresh_priority,weak_position|low_ctr,high,1821.0,3.0,10.39658354068728,0.0016474464579901
525,client_810019792c9b8efc,content_fc3f214df795bce6,0.7634374220781475,refresh_priority,general_review,high,950.0,3.0,4.862140927722061,0.0031578947368421
526,client_810019792c9b8efc,content_54f00d9fbc62b900,0.7634276352370474,refresh_priority,low_ctr,high,260.0,0.0,7.221927748177748,0.0
527,client_a80fca3f171ed1de,content_76835633095c2752,0.7634174668722117,refresh_priority,low_ctr,high,2111.0,4.0,6.4827813827875485,0.0018948365703458
528,client_b10cb2997d0c7c86,content_d9a1453b58e324ff,0.7634109880641774,refresh_priority,weak_position|low_ctr,high,167.0,0.0,10.462323898323898,0.0
529,client_62f4a7e64f5e0096,content_062566456e647d17,0.7633992955033031,refresh_priority,low_ctr,high,885.0,1.0,2.220982514603298,0.0011299435028248
530,client_62f4a7e64f5e0096,content_d451832168e59384,0.7633965099157862,refresh_priority,low_ctr,high,807.0,1.0,1.4096829041406675,0.0012391573729863
531,client_23a62021009f63c4,content_b3e7ea3fadbba78e,0.7633196324273082,refresh_priority,weak_position,high,753.0,2.0,25.416861790280457,0.0026560424966799
532,client_9958f0a7ae1df715,content_96fe7476fada560c,0.7631817459378497,refresh_priority,weak_position|low_ctr,high,263.0,0.0,63.194976364631536,0.0
533,client_23a62021009f63c4,content_e9a2283af0a9fb2d,0.7631697495187633,refresh_priority,weak_position|low_ctr,high,1290.0,3.0,33.97860076265375,0.0023255813953488
534,client_9958f0a7ae1df715,content_b3c66cba8f514a39,0.7631526873042781,refresh_priority,weak_position|low_ctr,high,94.0,0.0,44.322222222222216,0.0
535,client_86ebc2f12c01f586,content_4a12b31ae4a05aec,0.7631111465083578,refresh_priority,low_ctr,high,1513.0,1.0,2.387481503668665,0.0006609385327164
536,client_810019792c9b8efc,content_4ec78aa77f39a658,0.7630981707105657,refresh_priority,weak_position,high,1299.0,4.0,10.737767698384795,0.0030792917628945
537,client_23a62021009f63c4,content_7b5beb36f1851d81,0.7630704606508165,refresh_priority,weak_position|low_ctr,high,551.0,0.0,10.20428599011886,0.0
538,client_810019792c9b8efc,content_c90b0e558b8e7bc4,0.7629611700167752,refresh_priority,general_review,high,508.0,2.0,9.246696441430425,0.0039370078740157
539,client_62f4a7e64f5e0096,content_4f295c125fb6e9f2,0.7629451570809009,refresh_priority,low_ctr,high,788.0,1.0,1.5296166215857063,0.0012690355329949
540,client_810019792c9b8efc,content_1afabe4a172b3642,0.762928328929279,refresh_priority,weak_position|low_ctr,high,528.0,1.0,18.93055945889997,0.0018939393939393
541,client_62f4a7e64f5e0096,content_250bded70cab53e4,0.7629149687933433,refresh_priority,low_ctr,high,855.0,1.0,2.0272109957841358,0.0011695906432748
542,client_73cda7b4e4f265ea,content_e839b6a62c46a549,0.7628227426064816,refresh_priority,weak_position|low_ctr,high,841.0,0.0,18.078392716032457,0.0
543,client_810019792c9b8efc,content_a97377b3c9da3553,0.7626098515167954,refresh_priority,weak_position|low_ctr,high,2120.0,2.0,33.59185315258234,0.000943396226415
544,client_23a62021009f63c4,content_70d5f69eebe38a9d,0.7625803349837251,refresh_priority,weak_position|low_ctr,high,222.0,0.0,16.322858345358345,0.0
545,client_23a62021009f63c4,content_85720ef21b600e43,0.7625525532522058,refresh_priority,weak_position|low_ctr,high,1162.0,0.0,19.226813235040176,0.0
546,client_810019792c9b8efc,content_d778fdeaf416f05a,0.7625343365490849,refresh_priority,weak_position|low_ctr,high,558.0,1.0,37.73425522940917,0.0017921146953405
547,client_62f4a7e64f5e0096,content_39b28a5a8d7a3e11,0.7623838561135983,refresh_priority,low_ctr,high,659.0,1.0,1.789285368140623,0.0015174506828528
548,client_62f4a7e64f5e0096,content_fe0e06cec565686d,0.7623838561135983,refresh_priority,low_ctr,high,664.0,1.0,1.7175160956725857,0.0015060240963855
549,client_62f4a7e64f5e0096,content_c34548dfcb439277,0.7623838561135983,refresh_priority,low_ctr,high,722.0,1.0,1.8065087672723428,0.0013850415512465
550,client_62f4a7e64f5e0096,content_0efd9334b060b006,0.7623838561135983,refresh_priority,low_ctr,high,679.0,1.0,1.6260875117989808,0.0014727540500736
551,client_73cda7b4e4f265ea,content_4f589938aa350f30,0.7623014325950682,refresh_priority,low_ctr,high,6126.0,2.0,9.32727663255824,0.0003264773098269
552,client_9958f0a7ae1df715,content_0f3935162546a965,0.7622736572549496,refresh_priority,low_ctr,high,1503.0,1.0,8.650828903976766,0.0006653359946773
553,client_b10cb2997d0c7c86,content_259e5b21f1b829dd,0.7622585839962237,refresh_priority,weak_position|low_ctr,high,395.0,0.0,64.02903349213197,0.0
554,client_20259bd6705d81d4,content_481e789942fbf65e,0.762131445055424,refresh_priority,weak_position|low_ctr,high,211.0,0.0,18.83279183779184,0.0
555,client_23a62021009f63c4,content_a0a61253e01f0a2d,0.7620989298328542,refresh_priority,weak_position|low_ctr,high,2176.0,3.0,30.46414374669332,0.0013786764705882
556,client_23a62021009f63c4,content_ca30766342fc7b3e,0.7620972629831092,refresh_priority,weak_position|low_ctr,high,1729.0,3.0,19.3017579245489,0.0017351069982648
557,client_62f4a7e64f5e0096,content_e5f639a30987b557,0.7620389897528852,refresh_priority,low_ctr,high,1051.0,1.0,2.378777714159325,0.0009514747859181
558,client_a80fca3f171ed1de,content_acc98771fbf23545,0.7620358369677355,refresh_priority,low_ctr,high,18691.0,3.0,6.076648425038963,0.0001605050559092
559,client_fef1a8f436438636,content_7a2580f2c8c81fde,0.7620352663349315,refresh_priority,weak_position,high,520.0,2.0,14.855400505087438,0.0038461538461538
560,client_62f4a7e64f5e0096,content_bf53f8fb69457a9c,0.7619941426582216,refresh_priority,low_ctr,high,1585.0,2.0,1.6090429286164531,0.0012618296529968
561,client_fef1a8f436438636,content_a91def0704b049f9,0.7619862589291357,refresh_priority,weak_position|low_ctr,high,1013.0,1.0,13.267239518227743,0.0009871668311944
562,client_9958f0a7ae1df715,content_74951a4336050a17,0.7619401953646694,refresh_priority,weak_position|low_ctr,high,789.0,1.0,13.735382861583435,0.0012674271229404
563,client_62f4a7e64f5e0096,content_e17e57a5477359a3,0.7619023149911552,refresh_priority,low_ctr,high,756.0,1.0,2.08089946574553,0.0013227513227513
564,client_62f4a7e64f5e0096,content_7577d555c5d56a85,0.7619023149911552,refresh_priority,low_ctr,high,719.0,1.0,2.016377065818429,0.0013908205841446
565,client_62f4a7e64f5e0096,content_720d6e30be73982c,0.7618872972339091,refresh_priority,low_ctr,high,657.0,1.0,1.49093874631837,0.0015220700152207
566,client_fef1a8f436438636,content_accaf3e26ce501cc,0.7618717665404353,refresh_priority,low_ctr,high,974.0,1.0,9.399418535428389,0.0010266940451745
567,client_62f4a7e64f5e0096,content_8f440dda64e2a799,0.7618535289432383,refresh_priority,low_ctr,high,1075.0,1.0,2.311873763497586,0.0009302325581395
568,client_73cda7b4e4f265ea,content_c24dc1a3efba513f,0.7618454781198337,refresh_priority,weak_position|low_ctr,high,2102.0,1.0,14.059449887045483,0.000475737392959
569,client_23a62021009f63c4,content_096a16064d4b1620,0.761832692645133,refresh_priority,weak_position,high,684.0,2.0,13.541844797688467,0.0029239766081871
570,client_810019792c9b8efc,content_e4fcdd874a5bcf3f,0.7617688776268114,refresh_priority,low_ctr,high,3603.0,6.0,7.345035746252688,0.0016652789342214
571,client_810019792c9b8efc,content_ca51e1ff01a9684f,0.7616978989655006,refresh_priority,low_ctr,high,775.0,2.0,8.61465657421834,0.0025806451612903
572,client_73cda7b4e4f265ea,content_ea0ebc1304dc8444,0.7616838410482766,refresh_priority,low_ctr,high,861.0,1.0,8.916700618100837,0.0011614401858304
573,client_73cda7b4e4f265ea,content_fc1550c90607eae6,0.7616743799701606,refresh_priority,weak_position|low_ctr,high,723.0,1.0,10.821032654769583,0.0013831258644536
574,client_a80fca3f171ed1de,content_7dffd64dc87f92c4,0.7616463612210234,refresh_priority,weak_position|low_ctr,high,649.0,1.0,13.768375263556418,0.0015408320493066
575,client_73cda7b4e4f265ea,content_cb4af56755d8870b,0.7615475958659232,refresh_priority,weak_position,high,1062.0,3.0,65.7101542377566,0.0028248587570621
576,client_23a62021009f63c4,content_b8d8a86e2c36a675,0.7614967729848684,refresh_priority,low_ctr,high,806.0,1.0,8.848054897173311,0.0012406947890818
577,client_62f4a7e64f5e0096,content_d0ad7ff3a79b6f9b,0.7614179563147375,refresh_priority,low_ctr,high,945.0,1.0,2.5598319495266746,0.001058201058201
578,client_73cda7b4e4f265ea,content_9eb7272867890ecb,0.76139633002659,refresh_priority,weak_position|low_ctr,high,144.0,0.0,32.80378089343606,0.0
579,client_23a62021009f63c4,content_5719c85d70028f8b,0.7612925362630344,refresh_priority,weak_position|low_ctr,high,1345.0,1.0,23.01645287253503,0.0007434944237918
580,client_62f4a7e64f5e0096,content_be14d680a254394e,0.7612321604531234,refresh_priority,low_ctr,high,1526.0,2.0,1.5022907278486373,0.001310615989515
581,client_62f4a7e64f5e0096,content_4b727b6422a306a5,0.7612321604531234,refresh_priority,low_ctr,high,1512.0,2.0,1.2900743744792016,0.0013227513227513
582,client_157ffe4d4a595515,content_a52d0bb6e98bbef4,0.7611924800309098,refresh_priority,low_ctr,high,179.0,0.0,8.198647186147188,0.0
583,client_23a62021009f63c4,content_5641994617569b14,0.7611841840662212,refresh_priority,low_ctr,high,749.0,1.0,9.880323136672446,0.0013351134846461
584,client_fef1a8f436438636,content_4301f172c4d8e507,0.7611269193059141,refresh_priority,low_ctr,high,3970.0,3.0,7.72107309260595,0.0007556675062972
585,client_9958f0a7ae1df715,content_98193fbb14c3722f,0.761098511966961,refresh_priority,weak_position|low_ctr,high,262.0,0.0,64.99229838488459,0.0
586,client_c182d11e4862a37d,content_3afdcaa0cf9461be,0.7610980158714933,refresh_priority,low_ctr,high,1885.0,0.0,8.915313167417493,0.0
587,client_9958f0a7ae1df715,content_5b619639be88dea7,0.7610821746492977,refresh_priority,low_visibility_monitor_only,high,78.0,0.0,13.876736111111114,0.0
588,client_62f4a7e64f5e0096,content_e0ed7e45dd36727d,0.7610782676612113,refresh_priority,low_ctr,high,1376.0,2.0,2.051337421834704,0.001453488372093
589,client_73cda7b4e4f265ea,content_db9fee50d56d8f1e,0.761031398998235,refresh_priority,weak_position|low_ctr,high,908.0,1.0,20.902728908235297,0.001101321585903
590,client_62f4a7e64f5e0096,content_0db7ba451554d994,0.7610176272234275,refresh_priority,low_ctr,high,785.0,1.0,2.301711007991257,0.0012738853503184
591,client_86ebc2f12c01f586,content_e7ad746dd178c245,0.7609626447980198,refresh_priority,low_ctr,high,3728.0,3.0,2.0041160244880247,0.0008047210300429
592,client_73cda7b4e4f265ea,content_b439daad48ff9f4c,0.7609595515256545,refresh_priority,weak_position|low_ctr,high,529.0,1.0,12.040788756426862,0.0018903591682419
593,client_62f4a7e64f5e0096,content_644740aacbc172b3,0.7609162196372239,refresh_priority,low_ctr,high,636.0,1.0,1.8699159693377216,0.0015723270440251
594,client_810019792c9b8efc,content_b78f2deb304fca5a,0.7609033843605273,refresh_priority,low_ctr,high,139.0,0.0,6.771534820824882,0.0
595,client_b10cb2997d0c7c86,content_54628b4c17257b0f,0.7608431868655434,refresh_priority,low_ctr,high,2724.0,4.0,7.979877007186953,0.0014684287812041
596,client_a80fca3f171ed1de,content_fa2baefd232a3d1a,0.7607992169280902,refresh_priority,general_review,high,790.0,3.0,5.517049930572664,0.0037974683544303
597,client_9958f0a7ae1df715,content_da74c130c656e16c,0.7607051565231067,refresh_priority,low_visibility_monitor_only,high,66.0,0.0,55.75972222222222,0.0
598,client_86ebc2f12c01f586,content_3a85ad855d084bf2,0.7606871818492666,refresh_priority,low_ctr,high,632.0,1.0,2.08010682300156,0.0015822784810126
599,client_62f4a7e64f5e0096,content_afaa22fadf2b535d,0.7606417870657716,refresh_priority,low_ctr,high,713.0,1.0,2.383944231123684,0.0014025245441795
600,client_62f4a7e64f5e0096,content_1ab7f68c9e6185d9,0.7606417870657716,refresh_priority,low_ctr,high,756.0,1.0,2.354288562523964,0.0013227513227513
601,client_62f4a7e64f5e0096,content_194f90f7dc2aa859,0.7605875805348334,refresh_priority,low_ctr,high,656.0,1.0,2.266433170641055,0.0015243902439024
602,client_73cda7b4e4f265ea,content_322ba41d398350af,0.7605448690792128,refresh_priority,low_ctr,high,1336.0,1.0,8.008425966751041,0.0007485029940119
603,client_810019792c9b8efc,content_997a1bd15c70c735,0.7605318477008457,refresh_priority,low_ctr,high,172.0,0.0,5.972716581663949,0.0
604,client_23a62021009f63c4,content_35a422fef78c4f09,0.760453463227852,refresh_priority,weak_position|low_ctr,high,1307.0,1.0,39.16468518473255,0.0007651109410864
605,client_86ebc2f12c01f586,content_e89b378f3e944c21,0.7604233501366877,refresh_priority,low_ctr,high,2422.0,2.0,2.48197205691829,0.0008257638315441
606,client_62f4a7e64f5e0096,content_dedee62f22973002,0.7604223155050214,refresh_priority,low_ctr,high,3146.0,3.0,2.2263787103319688,0.0009535918626827
607,client_23a62021009f63c4,content_4082e66995bf8ce6,0.7603861907863589,refresh_priority,low_ctr,high,2123.0,3.0,5.8613643664014985,0.0014130946773433
608,client_73cda7b4e4f265ea,content_1f1f16c52fd8f2c0,0.7603427955546145,refresh_priority,low_ctr,high,1157.0,2.0,9.52975509983094,0.0017286084701815
609,client_fef1a8f436438636,content_f3974bf7229125fa,0.7602823785339436,refresh_priority,low_ctr,high,1624.0,3.0,6.878884274264541,0.001847290640394
610,client_810019792c9b8efc,content_e3b4a339ba101bcb,0.7602648214508018,refresh_priority,general_review,high,474.0,2.0,8.741903308421884,0.0042194092827004
611,client_810019792c9b8efc,content_cb33199c2774045f,0.7602044681891486,refresh_priority,low_ctr,high,814.0,2.0,7.08371340547562,0.0024570024570024
612,client_810019792c9b8efc,content_3b2dee6acb23f3d4,0.7601736926443008,refresh_priority,low_ctr,high,3088.0,7.0,8.098382455563236,0.0022668393782383
613,client_fef1a8f436438636,content_fc0d3723ce5a9bba,0.760085873584486,refresh_priority,weak_position|low_ctr,high,1336.0,1.0,23.04139895752947,0.0007485029940119
614,client_73cda7b4e4f265ea,content_7fd021f208bce745,0.7600855518175238,refresh_priority,low_ctr,high,5345.0,1.0,8.690235489540633,0.0001870907390084
615,client_73cda7b4e4f265ea,content_1dbf3452f1990c29,0.7600281354408664,refresh_priority,low_ctr,high,2103.0,3.0,7.753703902395258,0.0014265335235378
616,client_62f4a7e64f5e0096,content_8d65da66260ae88d,0.7599514740290463,refresh_priority,low_ctr,high,547.0,1.0,2.0595911004815566,0.0018281535648994
617,client_20259bd6705d81d4,content_32b6ba100a47d112,0.7597861025860203,refresh_priority,general_review,high,999.0,3.0,7.102924809323268,0.003003003003003
618,client_b10cb2997d0c7c86,content_b5ce26f0b87506bf,0.7597417807574434,refresh_priority,weak_position|low_ctr,high,163.0,0.0,24.065118806143147,0.0
619,client_62f4a7e64f5e0096,content_0fe4b6f071a04a80,0.7597204895718702,refresh_priority,low_ctr,high,647.0,1.0,2.4472163154145923,0.0015455950540958
620,client_23a62021009f63c4,content_df8dc5ea14c7f93b,0.7596820280012017,refresh_priority,low_ctr,high,597.0,0.0,4.4518345736472575,0.0
621,client_73cda7b4e4f265ea,content_8d5af6c8fa505304,0.7596573817343146,refresh_priority,low_ctr,high,2563.0,1.0,8.169846363591477,0.000390167772142
622,client_b10cb2997d0c7c86,content_a18ce491a5464778,0.7595830957361481,refresh_priority,weak_position,high,1273.0,4.0,10.216971659287005,0.0031421838177533
623,client_b10cb2997d0c7c86,content_3822c9b7f03e95ec,0.7595085400888825,refresh_priority,low_ctr,high,223.0,0.0,8.45309287934288,0.0
624,client_62f4a7e64f5e0096,content_7eb7434fff843966,0.7594666507648598,refresh_priority,low_ctr,high,1083.0,2.0,1.2762363147792373,0.0018467220683287
625,client_62f4a7e64f5e0096,content_6ec05a31cbe1f088,0.7594638550176779,refresh_priority,low_ctr,high,4152.0,3.0,2.4230290465411244,0.0007225433526011
626,client_3f0ce4d44fe94f3d,content_08cdc2ab73148a06,0.7594544143545341,refresh_priority,weak_position|low_ctr,high,1332.0,3.0,14.32555283536931,0.0022522522522522
627,client_65de48885f4ef01b,content_cf36ad6628d053b0,0.759413429416419,refresh_priority,weak_position|low_ctr,high,1797.0,2.0,13.45392781609562,0.0011129660545353
628,client_23a62021009f63c4,content_163f7303d71fe41c,0.759386819498016,refresh_priority,weak_position|low_ctr,high,1452.0,3.0,27.4103811785528,0.0020661157024793
629,client_810019792c9b8efc,content_8f27639246728391,0.7593821176050235,refresh_priority,weak_position|low_ctr,high,490.0,0.0,38.40818481492981,0.0
630,client_810019792c9b8efc,content_14924a2867b3e96f,0.7591050248564094,refresh_priority,weak_position|low_ctr,high,1125.0,1.0,23.626648521132285,0.0008888888888888
631,client_62f4a7e64f5e0096,content_9110702c23cd2035,0.7590832086551182,refresh_priority,low_ctr,high,849.0,1.0,2.6007828681058163,0.0011778563015312
632,client_62f4a7e64f5e0096,content_edaec71f1c52c9d2,0.7590832086551182,refresh_priority,low_ctr,high,852.0,1.0,2.6527282181562204,0.0011737089201877
633,client_23a62021009f63c4,content_0d9edbf00e54bec1,0.759079842915316,refresh_priority,weak_position|low_ctr,high,778.0,1.0,12.59989895810262,0.0012853470437017
634,client_62f4a7e64f5e0096,content_d35a71310f64a5d2,0.7590509955521956,refresh_priority,low_ctr,high,599.0,1.0,2.4016355923390287,0.001669449081803
635,client_a80fca3f171ed1de,content_5609aa2e14a35da2,0.7590025417714086,refresh_priority,weak_position|low_ctr,high,562.0,1.0,12.477801241385473,0.0017793594306049
636,client_62f4a7e64f5e0096,content_0ebf299e7b6ea51f,0.7589981857130333,refresh_priority,low_ctr,high,599.0,1.0,2.294879913117047,0.001669449081803
637,client_810019792c9b8efc,content_3949e1bd70429747,0.7589627410946194,refresh_priority,weak_position|low_ctr,high,478.0,0.0,51.77086341588122,0.0
638,client_a80fca3f171ed1de,content_aa99ea912c88068a,0.758929391585964,refresh_priority,low_ctr,high,1559.0,4.0,5.694053934170387,0.0025657472738935
639,client_62f4a7e64f5e0096,content_f3ea19fa5f852ea3,0.7587344216844958,refresh_priority,low_ctr,high,1250.0,2.0,2.425191699856561,0.0016
640,client_fef1a8f436438636,content_2aef066f1c0f0cc2,0.7586838196305077,refresh_priority,weak_position|low_ctr,high,1314.0,1.0,11.70351399209456,0.0007610350076103
641,client_62f4a7e64f5e0096,content_aa30c0c54f07cb14,0.7586443952704822,refresh_priority,low_ctr,high,1229.0,1.0,2.937378629563669,0.000813669650122
642,client_810019792c9b8efc,content_27a6ae05429a5974,0.758529658993888,refresh_priority,weak_position|low_ctr,high,809.0,0.0,34.93768126836427,0.0
643,client_a80fca3f171ed1de,content_359eb438a368723f,0.7585036876258817,refresh_priority,general_review,high,1075.0,4.0,6.327355604789462,0.0037209302325581
644,client_810019792c9b8efc,content_5f1b215f3a9021e0,0.7583850524897878,refresh_priority,low_ctr,high,4928.0,6.0,6.8248140216714095,0.0012175324675324
645,client_9958f0a7ae1df715,content_7376a9016e8fce8c,0.7583402463356542,refresh_priority,weak_position|low_ctr,high,531.0,0.0,16.918000248859006,0.0
646,client_23a62021009f63c4,content_0a6892dddac5f035,0.758291652766048,refresh_priority,weak_position|low_ctr,high,1595.0,2.0,31.592141605215083,0.0012539184952978
647,client_23a62021009f63c4,content_b1ad76f16d1c0221,0.7582134474697231,refresh_priority,weak_position|low_ctr,high,2329.0,5.0,19.44078559490392,0.0021468441391155
648,client_9958f0a7ae1df715,content_900c6ea568da945c,0.7581725380867054,refresh_priority,low_visibility_monitor_only,high,90.0,0.0,48.82513227513229,0.0
649,client_a80fca3f171ed1de,content_2b9a77e4596cc9f1,0.7580743027602612,refresh_priority,weak_position|low_ctr,high,4543.0,7.0,20.51072942185181,0.0015408320493066
650,client_62f4a7e64f5e0096,content_c47b92feb935001b,0.7580614777567234,refresh_priority,low_ctr,high,926.0,1.0,2.8908691366429173,0.0010799136069114
651,client_62f4a7e64f5e0096,content_3cd7c4e4f2e21fe5,0.7580614777567234,refresh_priority,low_ctr,high,970.0,1.0,2.817622925356707,0.0010309278350515
652,client_9958f0a7ae1df715,content_2b6196f74096088c,0.7580400454111178,refresh_priority,weak_position|low_ctr,high,169.0,0.0,62.30698412698412,0.0
653,client_23a62021009f63c4,content_cd6754c1b7052d4b,0.7579577418044919,refresh_priority,weak_position,high,876.0,3.0,11.721604517234743,0.0034246575342465
654,client_1a8bf67cad4ee525,content_52bb7b6e71c1cc3e,0.7579544241554603,refresh_priority,weak_position|low_ctr,high,4910.0,8.0,10.820759306779347,0.0016293279022403
655,client_73cda7b4e4f265ea,content_ea45e3c3de1c5c7c,0.7578815055039801,refresh_priority,weak_position|low_ctr,high,196.0,0.0,15.059935064935065,0.0
656,client_a80fca3f171ed1de,content_1792bdef6797260e,0.757843652793889,refresh_priority,weak_position|low_ctr,high,188.0,0.0,14.493510933510931,0.0
657,client_20259bd6705d81d4,content_458d37b42f45b0e4,0.7578285843093776,refresh_priority,weak_position|low_ctr,high,557.0,1.0,17.737795667333852,0.0017953321364452
658,client_62f4a7e64f5e0096,content_d8d69e789e933656,0.7578172560758379,refresh_priority,low_ctr,high,2298.0,4.0,1.650916101111837,0.0017406440382941
659,client_73cda7b4e4f265ea,content_cb987ffbb8f8ae32,0.7578050257880891,refresh_priority,weak_position|low_ctr,high,703.0,1.0,32.24814839747516,0.0014224751066856
660,client_e547b89c05043229,content_aad7436daa951d7d,0.7577673517062322,refresh_priority,weak_position|low_ctr,high,3365.0,0.0,17.72024831826879,0.0
661,client_fef1a8f436438636,content_49dca70ff400f8c9,0.7577619743689801,refresh_priority,weak_position|low_ctr,high,912.0,1.0,10.136586668282568,0.0010964912280701
662,client_fef1a8f436438636,content_e2139b422bb5c51d,0.7577589965151078,refresh_priority,weak_position|low_ctr,high,472.0,0.0,37.24409915232378,0.0
663,client_62f4a7e64f5e0096,content_2bb5efa38c5c7293,0.7577178283290583,refresh_priority,low_ctr,high,1577.0,3.0,1.0783882298314715,0.0019023462270133
664,client_62f4a7e64f5e0096,content_8a789bd8875e19e4,0.7577142828695763,refresh_priority,low_ctr,high,1598.0,3.0,1.2213747818762857,0.0018773466833541
665,client_20259bd6705d81d4,content_162312a3ce40d632,0.7576998818189119,refresh_priority,weak_position,high,748.0,3.0,12.332729869146837,0.0040106951871657
666,client_73cda7b4e4f265ea,content_81ac119b8e8fba6a,0.7575181248264126,refresh_priority,weak_position|low_ctr,high,549.0,0.0,19.185749385001127,0.0
667,client_23a62021009f63c4,content_37a5c6ee1115d3b1,0.7575136360161169,refresh_priority,weak_position|low_ctr,high,636.0,1.0,22.72063831090377,0.0015723270440251
668,client_73cda7b4e4f265ea,content_e237ae34ad119f73,0.7575120943889305,refresh_priority,weak_position,high,476.0,2.0,20.96011929387713,0.0042016806722689
669,client_62f4a7e64f5e0096,content_051636e310c3f725,0.7574838574580354,refresh_priority,low_ctr,high,1493.0,1.0,2.999298290510665,0.000669792364367
670,client_62f4a7e64f5e0096,content_af8e3e264b2ffa66,0.7574116082557294,refresh_priority,low_ctr,high,1054.0,2.0,2.158076557762638,0.0018975332068311
671,client_73cda7b4e4f265ea,content_7ff0027af0cf8031,0.7572998087234781,refresh_priority,weak_position|low_ctr,high,1290.0,3.0,22.322145609553388,0.0023255813953488
672,client_62f4a7e64f5e0096,content_658c3ceead36b9c4,0.7572605647935731,refresh_priority,low_ctr,high,512.0,1.0,1.507163168018431,0.001953125
673,client_a80fca3f171ed1de,content_28cf2cfb24ddd46c,0.7572440739018229,refresh_priority,low_ctr,high,1042.0,2.0,3.0449619061254825,0.0019193857965451
674,client_73cda7b4e4f265ea,content_45a04bab7efe1a96,0.7572307329159439,refresh_priority,general_review,high,962.0,4.0,6.8032679550564,0.0041580041580041
675,client_23a62021009f63c4,content_c7084ed835f7be3b,0.7571055641292276,refresh_priority,weak_position|low_ctr,high,1315.0,1.0,14.984114936208016,0.0007604562737642
676,client_62f4a7e64f5e0096,content_2e9f98adadc67d22,0.7571040906324779,refresh_priority,low_ctr,high,2768.0,5.0,1.4915943591796306,0.0018063583815028
677,client_62f4a7e64f5e0096,content_08e41db9f863a468,0.7571001194713577,refresh_priority,low_ctr,high,1450.0,1.0,3.073942426444156,0.0006896551724137
678,client_23a62021009f63c4,content_c034b45a5499c7ed,0.7570759304366996,refresh_priority,weak_position|low_ctr,high,736.0,0.0,28.249170431398472,0.0
679,client_62f4a7e64f5e0096,content_8ad7e8a950b93349,0.757023723870305,refresh_priority,low_ctr,high,916.0,1.0,2.971711467559055,0.0010917030567685
680,client_23a62021009f63c4,content_483459286a90fea8,0.7570062921846662,refresh_priority,weak_position|low_ctr,high,2801.0,1.0,38.13020019889617,0.0003570153516601
681,client_a22068e339bf95f5,content_139b0b296994728d,0.7569847727999696,refresh_priority,low_ctr,high,1386.0,2.0,3.8850934560972745,0.0014430014430014
682,client_9958f0a7ae1df715,content_863cb6ff425a8e6e,0.756976129331974,refresh_priority,low_visibility_monitor_only,high,58.0,0.0,50.30533333333333,0.0
683,client_23a62021009f63c4,content_f4da8d12e402efa0,0.7569420965311636,refresh_priority,weak_position|low_ctr,high,2010.0,4.0,33.58620680613285,0.0019900497512437
684,client_e547b89c05043229,content_2f7cdfb0dfedcbf7,0.756887876053856,refresh_priority,weak_position|low_ctr,high,491.0,1.0,24.183249622094284,0.0020366598778004
685,client_0fa64a184f18a4a0,content_2ed70d34f7a62c9e,0.7568788014961644,refresh_priority,low_ctr,high,510.0,1.0,2.237384685001689,0.0019607843137254
686,client_73cda7b4e4f265ea,content_5c4db0b1249de349,0.7568691565144644,refresh_priority,weak_position|low_ctr,high,634.0,0.0,13.334081332295742,0.0
687,client_73cda7b4e4f265ea,content_2c04782f728d9dcf,0.7568330770944653,refresh_priority,weak_position|low_ctr,high,412.0,0.0,32.571401790128704,0.0
688,client_23a62021009f63c4,content_f9bd4d8d4f4b1d00,0.7568158751671434,refresh_priority,weak_position|low_ctr,high,1149.0,0.0,33.7743077014017,0.0
689,client_86ebc2f12c01f586,content_c3d4c0891fe392f9,0.7567754586230383,refresh_priority,low_ctr,high,598.0,1.0,3.352685562768332,0.0016722408026755
690,client_1a8bf67cad4ee525,content_7d2dcc6d0c19219e,0.7567677965138274,refresh_priority,weak_position|low_ctr,high,1241.0,0.0,16.46201053702743,0.0
691,client_23a62021009f63c4,content_56a7724a07e0a4ba,0.7567675275937502,refresh_priority,weak_position|low_ctr,high,1572.0,2.0,34.365136861519126,0.0012722646310432
692,client_a22068e339bf95f5,content_b79451eb0ed6e3fa,0.7567398151738515,refresh_priority,low_ctr,high,5682.0,9.0,8.108645950286606,0.0015839493136219
693,client_fef1a8f436438636,content_dfd4f68a77f58fe4,0.7567304706527274,refresh_priority,weak_position|low_ctr,high,568.0,1.0,31.920654006848245,0.0017605633802816
694,client_810019792c9b8efc,content_ffb3f3fd241e1089,0.7567210802759224,refresh_priority,weak_position|low_ctr,high,203.0,0.0,23.946291258344832,0.0
695,client_73cda7b4e4f265ea,content_8565733f5dfe19f2,0.7566778820785599,refresh_priority,weak_position|low_ctr,high,1211.0,3.0,41.23661213885067,0.0024772914946325
696,client_62f4a7e64f5e0096,content_18c5fe7e977591f8,0.7566713745105305,refresh_priority,low_ctr,high,448.0,1.0,1.744937342084401,0.0022321428571428
697,client_86ebc2f12c01f586,content_4872a8832208811c,0.7566713745105305,refresh_priority,low_ctr,high,448.0,1.0,1.8309210413635288,0.0022321428571428
698,client_62f4a7e64f5e0096,content_0ecb72dbb7f9cbf3,0.7566713745105305,refresh_priority,low_ctr,high,446.0,1.0,1.3570789739975786,0.0022421524663677
699,client_e547b89c05043229,content_120bc62a305e7cdb,0.7566454009528173,refresh_priority,weak_position|low_ctr,high,417.0,0.0,39.36453202388688,0.0
700,client_a80fca3f171ed1de,content_1db9daec2f300c90,0.7566063287699853,refresh_priority,general_review,high,648.0,2.0,5.272612069996091,0.0030864197530864
701,client_a80fca3f171ed1de,content_b9cd875559b5c855,0.7565399494714092,refresh_priority,weak_position|low_ctr,high,1742.0,0.0,21.452610348330197,0.0
702,client_157ffe4d4a595515,content_095de2bad4526c5e,0.7565298903567016,refresh_priority,low_ctr,high,622.0,0.0,5.004336188533688,0.0
703,client_62f4a7e64f5e0096,content_483110b990a119f1,0.7564721909977669,refresh_priority,low_ctr,high,1272.0,1.0,3.17385286905113,0.0007861635220125
704,client_a80fca3f171ed1de,content_440a66f11f356e6b,0.7564718031833095,refresh_priority,low_ctr,high,329.0,0.0,6.968369392045863,0.0
705,client_73cda7b4e4f265ea,content_1ab157a02e334d0c,0.756411938242572,refresh_priority,weak_position|low_ctr,high,763.0,0.0,13.392421570706354,0.0
706,client_20259bd6705d81d4,content_511d5a4b667543a0,0.7563991459664586,refresh_priority,weak_position|low_ctr,high,1524.0,2.0,25.21725549212345,0.0013123359580052
707,client_23a62021009f63c4,content_21ba0e31928fc23a,0.7563764891407652,refresh_priority,weak_position|low_ctr,high,2859.0,5.0,17.379084337659698,0.0017488632388947
708,client_810019792c9b8efc,content_1d20687aa0602d92,0.7563616326354484,refresh_priority,low_ctr,high,465.0,0.0,5.3839246223514525,0.0
709,client_9958f0a7ae1df715,content_ece73a0cde53ecee,0.7563453560027168,refresh_priority,weak_position|low_ctr,high,131.0,0.0,41.09203296703296,0.0
710,client_e547b89c05043229,content_9842aec233fba6c9,0.756269732235847,refresh_priority,weak_position|low_ctr,high,179.0,0.0,26.06600529100529,0.0
711,client_73cda7b4e4f265ea,content_2e184fe310519018,0.7562453880751164,refresh_priority,low_ctr,high,534.0,0.0,6.834623322218921,0.0
712,client_73cda7b4e4f265ea,content_391ba4add35aaa11,0.7562015693005153,refresh_priority,low_ctr,high,482.0,0.0,2.2015598818942217,0.0
713,client_73cda7b4e4f265ea,content_105d51acd7296225,0.7561443277093702,refresh_priority,low_ctr,high,1003.0,2.0,6.6702866004712655,0.0019940179461615
714,client_1a730cb2640a1abf,content_829cbe1a92b0e43d,0.7560703104078272,refresh_priority,weak_position|low_ctr,high,1357.0,1.0,19.9648293408584,0.0007369196757553
715,client_1a8bf67cad4ee525,content_6e9fca280585883f,0.7560648875220722,refresh_priority,low_ctr,high,4888.0,8.0,6.933270418244388,0.0016366612111292
716,client_73cda7b4e4f265ea,content_30cfde049b274c26,0.7560618458372161,refresh_priority,weak_position|low_ctr,high,1337.0,1.0,30.527686431969723,0.0007479431563201
717,client_20259bd6705d81d4,content_1908b144dab1889c,0.7560593192870058,refresh_priority,weak_position|low_ctr,high,1567.0,4.0,10.458153423505475,0.0025526483726866
718,client_23a62021009f63c4,content_9f6d1003cf37e2d9,0.7560516550227095,refresh_priority,weak_position|low_ctr,high,1210.0,1.0,30.44598013771607,0.0008264462809917
719,client_62f4a7e64f5e0096,content_4ca89da847242f57,0.7560279627158851,refresh_priority,low_ctr,high,827.0,1.0,3.035891314888321,0.0012091898428053
720,client_1a730cb2640a1abf,content_422dcb7c2955d94d,0.7559956998096323,refresh_priority,weak_position|low_ctr,high,470.0,0.0,16.96976776808544,0.0
721,client_73cda7b4e4f265ea,content_e55a7dc4a7627179,0.7559681950380275,refresh_priority,weak_position|low_ctr,high,1745.0,1.0,10.82184380774507,0.0005730659025787
722,client_73cda7b4e4f265ea,content_7e2bd63fe0b4bcb2,0.7559456750226035,refresh_priority,weak_position|low_ctr,high,507.0,0.0,38.87767496251175,0.0
723,client_62f4a7e64f5e0096,content_0fa8499913df1fd4,0.7559333565673078,refresh_priority,low_ctr,high,978.0,2.0,1.1495951188061908,0.0020449897750511
724,client_86ebc2f12c01f586,content_9a7a8d31972b2048,0.7559292058602096,refresh_priority,low_ctr,high,2846.0,5.0,2.1464718229228192,0.0017568517217146
725,client_23a62021009f63c4,content_99212ab5ef68ea23,0.7558892361013576,refresh_priority,weak_position|low_ctr,high,1994.0,5.0,30.572512327192506,0.0025075225677031
726,client_62f4a7e64f5e0096,content_63073018cd6255e3,0.755866605391478,refresh_priority,low_ctr,high,1793.0,2.0,2.9440432109528047,0.0011154489682097
727,client_a22068e339bf95f5,content_e29accc6b6e9039e,0.7558411660645146,refresh_priority,low_ctr,high,485.0,0.0,6.28602558241768,0.0
728,client_62f4a7e64f5e0096,content_857ec4426ab3c2a8,0.7558220088019999,refresh_priority,low_ctr,high,1497.0,2.0,2.674539899812471,0.0013360053440213
729,client_810019792c9b8efc,content_c2345c5006b0aef7,0.7557950465964733,refresh_priority,weak_position|low_ctr,high,3478.0,7.0,18.233530140091723,0.0020126509488211
730,client_73cda7b4e4f265ea,content_b953f64539cd4bcd,0.7557474024970255,refresh_priority,weak_position|low_ctr,high,193.0,0.0,36.75214997964998,0.0
731,client_b10cb2997d0c7c86,content_4e705099547e28c6,0.7556939219378275,refresh_priority,low_ctr,high,610.0,0.0,7.536167063869516,0.0
732,client_62f4a7e64f5e0096,content_bcf482a1270c80a7,0.7556925824168681,refresh_priority,low_ctr,high,589.0,1.0,2.782337558448596,0.0016977928692699
733,client_62f4a7e64f5e0096,content_9f2a498fe6354975,0.7556644395955071,refresh_priority,low_ctr,high,799.0,1.0,3.1061447973223144,0.0012515644555694
734,client_a2eeb8899886adde,content_fdd90b466e781b79,0.7556383921663337,refresh_priority,low_ctr,high,114.0,0.0,8.759024103468548,0.0
735,client_62f4a7e64f5e0096,content_21e22fd4aa3fa2f4,0.7556343689083777,refresh_priority,low_ctr,high,1009.0,2.0,2.215266176252399,0.0019821605550049
736,client_73cda7b4e4f265ea,content_7e84e9c8abaefbf4,0.755605455142118,refresh_priority,weak_position|low_ctr,high,488.0,0.0,15.446286189730465,0.0
737,client_23a62021009f63c4,content_1d6e6abd931e7655,0.7555462255229252,refresh_priority,weak_position|low_ctr,high,756.0,0.0,11.474463965144718,0.0
738,client_23a62021009f63c4,content_679ba0165957220a,0.7555184957457465,refresh_priority,low_ctr,high,512.0,1.0,2.513283843017065,0.001953125
739,client_23a62021009f63c4,content_ed94264426320ea9,0.7555066857529893,refresh_priority,weak_position|low_ctr,high,2244.0,4.0,14.11053002854484,0.0017825311942959
740,client_e5c2aa26a8598242,content_fee3ed596d9c7f97,0.7554699560574201,refresh_priority,weak_position|low_ctr,high,1059.0,1.0,21.472956530438545,0.0009442870632672
741,client_62f4a7e64f5e0096,content_3d95ce8258df1070,0.7554656859065841,refresh_priority,low_ctr,high,510.0,1.0,2.278396187934349,0.0019607843137254
742,client_73cda7b4e4f265ea,content_7476254360f720e6,0.7554345468771416,refresh_priority,weak_position|low_ctr,high,682.0,0.0,29.198649735396216,0.0
743,client_73cda7b4e4f265ea,content_62ac26d5bad3bc06,0.7553672194008492,refresh_priority,weak_position|low_ctr,high,492.0,0.0,14.471384722517309,0.0
744,client_73cda7b4e4f265ea,content_f17c37da1edbfbc0,0.755352340793677,refresh_priority,weak_position|low_ctr,high,784.0,0.0,44.01097778393359,0.0
745,client_fef1a8f436438636,content_98accc0161f43cac,0.7553445236717689,refresh_priority,weak_position|low_ctr,high,860.0,0.0,27.917240126683797,0.0
746,client_23a62021009f63c4,content_4303ceb432aad51d,0.7552946234458964,refresh_priority,weak_position|low_ctr,high,286.0,0.0,37.81403102874079,0.0
747,client_9958f0a7ae1df715,content_9d7332bc3de33eb6,0.755262178929938,refresh_priority,weak_position|low_ctr,high,234.0,0.0,20.033933239962654,0.0
748,client_73cda7b4e4f265ea,content_04baef6406ca7569,0.7552551027057852,refresh_priority,weak_position|low_ctr,high,573.0,0.0,27.56848358377668,0.0
749,client_b10cb2997d0c7c86,content_1822fafe5c56b4bb,0.7552439031349161,refresh_priority,weak_position|low_ctr,high,496.0,0.0,12.100073339710976,0.0
750,client_62f4a7e64f5e0096,content_31548f764db95a36,0.7552163994235235,refresh_priority,low_ctr,high,946.0,2.0,1.8654328781434408,0.0021141649048625
751,client_62f4a7e64f5e0096,content_94b9b7a1648fe3fa,0.7552163994235235,refresh_priority,low_ctr,high,951.0,2.0,1.9804997304186065,0.0021030494216614
752,client_62f4a7e64f5e0096,content_975526ee321e4c74,0.7552088582620712,refresh_priority,low_ctr,high,751.0,1.0,3.0165949950086013,0.0013315579227696
753,client_62f4a7e64f5e0096,content_2a52ac7f80d13493,0.7551990714172472,refresh_priority,low_ctr,high,927.0,2.0,1.657200465822679,0.0021574973031283
754,client_62f4a7e64f5e0096,content_1ba17deae39b6a5b,0.7551990714172472,refresh_priority,low_ctr,high,914.0,2.0,1.5263015520126144,0.0021881838074398
755,client_fef1a8f436438636,content_5556d9dc98847128,0.7551826780958982,refresh_priority,weak_position|low_ctr,high,512.0,0.0,23.772616387776576,0.0
756,client_23a62021009f63c4,content_277edef371f4bef8,0.7551547123573275,refresh_priority,weak_position|low_ctr,high,2373.0,4.0,14.386270038002074,0.001685630004214
757,client_62f4a7e64f5e0096,content_24085d05785bb416,0.7551057146013103,refresh_priority,low_ctr,high,1014.0,1.0,3.180943562531145,0.0009861932938856
758,client_23a62021009f63c4,content_bcb147ca6272fefe,0.7550854063638458,refresh_priority,weak_position|low_ctr,high,1179.0,3.0,17.0739587966342,0.0025445292620865
759,client_a80fca3f171ed1de,content_59c1a3b7f97a9fb1,0.75504771642173,refresh_priority,low_ctr,high,473.0,1.0,2.287043861963804,0.0021141649048625
760,client_9958f0a7ae1df715,content_9804c8d434f01efd,0.7550422099475504,refresh_priority,low_ctr,high,3637.0,4.0,3.641784281052359,0.0010998075336816
761,client_73cda7b4e4f265ea,content_77f3aa30963630d8,0.7550331630693999,refresh_priority,weak_position|low_ctr,high,980.0,0.0,21.645680123306253,0.0
762,client_23a62021009f63c4,content_ad2ebcfcf5daf980,0.7550062235126827,refresh_priority,weak_position|low_ctr,high,4624.0,5.0,13.324581309820587,0.0010813148788927
763,client_23a62021009f63c4,content_5ef18e7cc667da4e,0.7549576757787367,refresh_priority,low_ctr,high,401.0,0.0,7.297929250991183,0.0
764,client_62f4a7e64f5e0096,content_39c48a3ff5b0e235,0.7549293054627039,refresh_priority,low_ctr,high,453.0,1.0,2.489321352940245,0.0022075055187637
765,client_fef1a8f436438636,content_4eea58091bfde22c,0.7548800116753728,refresh_priority,weak_position|low_ctr,high,1431.0,0.0,14.90973924671854,0.0
766,client_73cda7b4e4f265ea,content_14fadd309ce866a8,0.7548761640142219,refresh_priority,low_ctr,high,2427.0,1.0,9.369421626168322,0.0004120313143798
767,client_73cda7b4e4f265ea,content_298d9b3c26e72621,0.7548741346975884,refresh_priority,weak_position|low_ctr,high,485.0,0.0,21.041434884001447,0.0
768,client_73cda7b4e4f265ea,content_f78beafe75acc5d9,0.7548692648793301,refresh_priority,weak_position|low_ctr,high,2610.0,2.0,10.6229715201918,0.0007662835249042
769,client_73cda7b4e4f265ea,content_b53daa372b8a5fe7,0.7548656636290372,refresh_priority,weak_position|low_ctr,high,952.0,0.0,16.87111713135658,0.0
770,client_73cda7b4e4f265ea,content_32d4cefa804960d5,0.754823586012164,refresh_priority,weak_position|low_ctr,high,423.0,0.0,41.20910139430573,0.0
771,client_62f4a7e64f5e0096,content_fce5923dca7a0ffc,0.754800277903605,refresh_priority,low_ctr,high,1309.0,2.0,2.8880372031680364,0.001527883880825
772,client_62f4a7e64f5e0096,content_e95fbb25218dd669,0.7547887012540002,refresh_priority,low_ctr,high,1944.0,3.0,2.690939242441918,0.0015432098765432
773,client_23a62021009f63c4,content_c86cd81f7e72bd7c,0.7547660598972485,refresh_priority,low_ctr,high,147.0,0.0,2.8572761497761494,0.0
774,client_a80fca3f171ed1de,content_d54afc6395d1cc52,0.7547636324346474,refresh_priority,weak_position|low_ctr,high,2401.0,2.0,11.856270856856518,0.0008329862557267
775,client_73cda7b4e4f265ea,content_5608bd69f9a8e3ec,0.7547567017015737,refresh_priority,weak_position|low_ctr,high,1115.0,0.0,32.967461966230445,0.0
776,client_23a62021009f63c4,content_fd3f8b40c1b6abe9,0.7547387694088318,refresh_priority,weak_position,high,553.0,2.0,13.947792731183286,0.0036166365280289
777,client_1a8bf67cad4ee525,content_23c1a33e471ccca2,0.7547375530339062,refresh_priority,low_ctr,high,1443.0,1.0,1.9150520954442676,0.0006930006930006
778,client_23a62021009f63c4,content_27c2b1e41448eb11,0.7547068604651997,refresh_priority,weak_position|low_ctr,high,1853.0,1.0,38.84838330799349,0.0005396654074473
779,client_e5c2aa26a8598242,content_446259f0c3908275,0.7546968353014415,refresh_priority,weak_position|low_ctr,high,605.0,0.0,25.14450747956188,0.0
780,client_23a62021009f63c4,content_6152355fd4af642e,0.7546600901809989,refresh_priority,weak_position|low_ctr,high,205.0,0.0,27.88925213675213,0.0
781,client_73cda7b4e4f265ea,content_d69264888e6e0e13,0.7546577226234233,refresh_priority,low_ctr,high,446.0,0.0,8.486150887825575,0.0
782,client_73cda7b4e4f265ea,content_ad43e1edca939ebf,0.7546360232557691,refresh_priority,weak_position|low_ctr,high,592.0,0.0,46.25544875446192,0.0
783,client_73cda7b4e4f265ea,content_7d856cc1596433b1,0.7546332474538935,refresh_priority,weak_position|low_ctr,high,182.0,0.0,34.99724536667814,0.0
784,client_73cda7b4e4f265ea,content_9b2526cdfeb8a944,0.7546157633279938,refresh_priority,low_ctr,high,1535.0,2.0,8.745545075627518,0.0013029315960912
785,client_b10cb2997d0c7c86,content_b8bcfa786271384c,0.7546098459118754,refresh_priority,low_ctr,high,694.0,0.0,9.73632221403783,0.0
786,client_73cda7b4e4f265ea,content_a947d2dac5c358b1,0.7545861796297932,refresh_priority,weak_position|low_ctr,high,256.0,0.0,16.453681133681137,0.0
787,client_23a62021009f63c4,content_d19dfa78fe5b63b5,0.7545859881756993,refresh_priority,weak_position|low_ctr,high,2467.0,4.0,22.671742568285573,0.0016214025131738
788,client_3f0ce4d44fe94f3d,content_5b92d0946e4958f8,0.7545682032705838,refresh_priority,weak_position|low_ctr,high,1249.0,0.0,15.257737052956296,0.0
789,client_73cda7b4e4f265ea,content_43082933b567ae95,0.7545135597040652,refresh_priority,weak_position|low_ctr,high,657.0,1.0,12.732826361034848,0.0015220700152207
790,client_73cda7b4e4f265ea,content_55b6d221b2de02fa,0.7544970881629444,refresh_priority,weak_position|low_ctr,high,1414.0,0.0,13.106142940589136,0.0
791,client_23a62021009f63c4,content_fc8f46be8a544cc4,0.754488335097781,refresh_priority,weak_position|low_ctr,high,546.0,1.0,42.1562586350219,0.0018315018315018
792,client_23a62021009f63c4,content_e795e7bd5b3a68e2,0.7544572850682896,refresh_priority,weak_position|low_ctr,high,967.0,2.0,30.41014232530127,0.0020682523267838
793,client_20259bd6705d81d4,content_561a9f7ce89278cb,0.7544408646286536,refresh_priority,low_ctr,high,771.0,1.0,3.066498963563721,0.0012970168612191
794,client_73cda7b4e4f265ea,content_b7d4d7c6d2bb0978,0.7544346457173485,refresh_priority,weak_position|low_ctr,high,430.0,0.0,56.13850960192238,0.0
795,client_9958f0a7ae1df715,content_2f061930226ff4c1,0.7544262904067381,refresh_priority,low_visibility_monitor_only,high,59.0,0.0,56.859333333333325,0.0
796,client_73cda7b4e4f265ea,content_69a72006549c12d6,0.7544104696514373,refresh_priority,weak_position|low_ctr,high,407.0,0.0,15.834705334987596,0.0
797,client_62f4a7e64f5e0096,content_9782a3ceed73a85d,0.7543757702417926,refresh_priority,low_ctr,high,750.0,1.0,3.054975389248511,0.0013333333333333
798,client_62f4a7e64f5e0096,content_76113b82a4c98b80,0.7543757702417926,refresh_priority,low_ctr,high,692.0,1.0,3.032211239946169,0.0014450867052023
799,client_62f4a7e64f5e0096,content_2fc4faced6454db4,0.7543669593096979,refresh_priority,low_ctr,high,601.0,1.0,2.973305894529328,0.0016638935108153
800,client_73cda7b4e4f265ea,content_1fc6f4c1e10f8b29,0.7543655552698023,refresh_priority,weak_position|low_ctr,high,791.0,0.0,25.662595389758856,0.0
801,client_62f4a7e64f5e0096,content_7541f4f4cafb7f43,0.754346424021242,refresh_priority,low_ctr,high,905.0,1.0,3.320610866944961,0.0011049723756906
802,client_73cda7b4e4f265ea,content_7a26fe1088a91b4e,0.7543338308819839,refresh_priority,weak_position|low_ctr,high,564.0,0.0,11.166014580080038,0.0
803,client_23a62021009f63c4,content_9f5e361c8a1eb87c,0.7543110491093775,refresh_priority,weak_position|low_ctr,high,407.0,0.0,33.04862338929997,0.0
804,client_810019792c9b8efc,content_baf224756d72639c,0.7542916558625549,refresh_priority,low_ctr,high,872.0,2.0,4.587780356249226,0.0022935779816513
805,client_73cda7b4e4f265ea,content_fc079c7770dccaaf,0.7542701787754466,refresh_priority,low_ctr,high,8992.0,9.0,7.357331007879584,0.0010008896797153
806,client_b10cb2997d0c7c86,content_1b2967f9c8268477,0.7541902521932241,refresh_priority,weak_position|low_ctr,high,266.0,0.0,12.492006231316577,0.0
807,client_62f4a7e64f5e0096,content_d79c0df3e1b437fb,0.7541724043783427,refresh_priority,low_ctr,high,1350.0,3.0,1.3954796526531916,0.0022222222222222
808,client_73cda7b4e4f265ea,content_4fe43a609585142d,0.7541477382049833,refresh_priority,weak_position|low_ctr,high,677.0,1.0,24.11166175560983,0.001477104874446
809,client_73cda7b4e4f265ea,content_a49624dd262f623e,0.7541466703944292,refresh_priority,weak_position|low_ctr,high,841.0,0.0,32.32367173966768,0.0
810,client_fef1a8f436438636,content_5d236fbba6ae1b51,0.7541280437328983,refresh_priority,weak_position|low_ctr,high,1034.0,0.0,33.916678129885696,0.0
811,client_86ebc2f12c01f586,content_f3c61de822899e2d,0.7541189218345455,refresh_priority,low_ctr,high,1844.0,3.0,2.985001997149224,0.0016268980477223
812,client_23a62021009f63c4,content_47198eabef52a725,0.754112897188687,refresh_priority,weak_position|low_ctr,high,480.0,0.0,22.60153309613673,0.0
813,client_73cda7b4e4f265ea,content_4b7d1cdbb0a3da3f,0.7541061320358736,refresh_priority,weak_position|low_ctr,high,422.0,0.0,33.31589035172801,0.0
814,client_62f4a7e64f5e0096,content_21531abdb4199f11,0.7540756745724838,refresh_priority,low_ctr,high,974.0,1.0,3.411452566335877,0.0010266940451745
815,client_62f4a7e64f5e0096,content_89d80c2143acda52,0.7540756745724838,refresh_priority,low_ctr,high,821.0,1.0,3.376313408670772,0.0012180267965895
816,client_fef1a8f436438636,content_fdbcc92f74ab357c,0.7540537141487095,refresh_priority,weak_position|low_ctr,high,2055.0,2.0,13.075047454365269,0.0009732360097323
817,client_62f4a7e64f5e0096,content_07bf119f01b0dcef,0.7540185115864306,refresh_priority,low_ctr,high,1363.0,3.0,1.994422008214352,0.0022010271460014
818,client_62f4a7e64f5e0096,content_bffa3e406a154d24,0.7539933828133009,refresh_priority,low_ctr,high,1014.0,2.0,2.293778539437373,0.0019723865877712
819,client_a80fca3f171ed1de,content_31569612674849e7,0.7539912286289099,refresh_priority,weak_position|low_ctr,high,10118.0,8.0,15.259016198200678,0.0007906700929037
820,client_73cda7b4e4f265ea,content_b7e939f31600dad9,0.7539898754650971,refresh_priority,weak_position|low_ctr,high,505.0,0.0,21.15666792929982,0.0
821,client_86ebc2f12c01f586,content_321089a4ff800a66,0.7539777826644324,refresh_priority,low_ctr,high,1963.0,2.0,3.071861776024562,0.0010188487009679
822,client_9958f0a7ae1df715,content_8bea9167e438fad6,0.7539712883958991,refresh_priority,low_ctr,high,784.0,0.0,9.8937931843838,0.0
823,client_a80fca3f171ed1de,content_6a2fb79d43c9ea0c,0.7539528671210776,refresh_priority,low_ctr,high,1404.0,2.0,8.647399415972925,0.0014245014245014
824,client_23a62021009f63c4,content_3c47855e56e4646a,0.7539425548561604,refresh_priority,weak_position|low_ctr,high,1885.0,2.0,28.30024109270895,0.0010610079575596
825,client_157ffe4d4a595515,content_98f4fc6dd08db460,0.7539272220749406,refresh_priority,low_ctr,high,156.0,0.0,2.8182631257631257,0.0
826,client_b10cb2997d0c7c86,content_54f28f65e1eb636e,0.7539222210814287,refresh_priority,weak_position|low_ctr,high,374.0,0.0,14.730061705196904,0.0
827,client_73cda7b4e4f265ea,content_335d1fcf24fc648b,0.7539214904575492,refresh_priority,weak_position|low_ctr,high,561.0,1.0,13.39446893067946,0.0017825311942959
828,client_73cda7b4e4f265ea,content_e3e4699cc80eb816,0.7539187270263296,refresh_priority,weak_position|low_ctr,high,370.0,0.0,48.34884263403647,0.0
829,client_fef1a8f436438636,content_e5c352b7f54bfc6c,0.7538922639762146,refresh_priority,weak_position|low_ctr,high,384.0,0.0,43.96846287064424,0.0
830,client_0fa64a184f18a4a0,content_d5e927886fbdd9f1,0.7538787275573068,refresh_priority,low_ctr,high,177.0,0.0,2.189973544973545,0.0
831,client_73cda7b4e4f265ea,content_4a8683d3598718fa,0.7538489908473904,refresh_priority,weak_position|low_ctr,high,3937.0,0.0,12.390435704893177,0.0
832,client_a22068e339bf95f5,content_3c21061a780aae0c,0.7538190209990726,refresh_priority,weak_position,high,647.0,2.0,20.516739493501333,0.0030911901081916
833,client_23a62021009f63c4,content_d186fbe00e24efc5,0.7537858104457164,refresh_priority,weak_position|low_ctr,high,1040.0,1.0,17.10618477031308,0.0009615384615384
834,client_73cda7b4e4f265ea,content_2c27eb06dc7af87d,0.7537743878401012,refresh_priority,weak_position|low_ctr,high,206.0,0.0,12.84035233285233,0.0
835,client_73cda7b4e4f265ea,content_877c8a360c007b5d,0.7537691959669084,refresh_priority,low_ctr,high,9197.0,10.0,8.297221467950239,0.0010873110796999
836,client_62f4a7e64f5e0096,content_a572915bfee825eb,0.7537549361419557,refresh_priority,low_ctr,high,591.0,1.0,3.006426394900551,0.0016920473773265
837,client_62f4a7e64f5e0096,content_44cd6c42304e807d,0.753706989863776,refresh_priority,low_ctr,high,983.0,2.0,2.5633035559196857,0.0020345879959308
838,client_62f4a7e64f5e0096,content_0ef71828322bff47,0.7537011281646356,refresh_priority,low_ctr,high,696.0,1.0,3.168195247156456,0.0014367816091954
839,client_20259bd6705d81d4,content_7b4752e515640051,0.7536463525074325,refresh_priority,low_ctr,high,890.0,1.0,2.234346286725754,0.0011235955056179
840,client_86ebc2f12c01f586,content_7f3fea37007de7cf,0.7536385339205074,refresh_priority,low_ctr,high,2840.0,3.0,9.45878483186248,0.001056338028169
841,client_73cda7b4e4f265ea,content_2ef814535cfba528,0.7536303428106317,refresh_priority,weak_position|low_ctr,high,1092.0,0.0,13.54549451556709,0.0
842,client_73cda7b4e4f265ea,content_5647f4e5a8a59421,0.7536296596233116,refresh_priority,weak_position|low_ctr,high,414.0,0.0,29.77535887032709,0.0
843,client_73cda7b4e4f265ea,content_9404ae21204758a7,0.7535963505276474,refresh_priority,low_ctr,high,3890.0,4.0,6.611356336980939,0.0010282776349614
844,client_23a62021009f63c4,content_6a5c271c95ead6f9,0.753588465340449,refresh_priority,weak_position|low_ctr,high,586.0,1.0,13.09026636893554,0.0017064846416382
845,client_73cda7b4e4f265ea,content_8c5e18cbd39aefe5,0.7535856838154339,refresh_priority,weak_position|low_ctr,high,709.0,1.0,53.75073609600987,0.001410437235543
846,client_fef1a8f436438636,content_4c163d9bcbe54fb3,0.7535657337963877,refresh_priority,weak_position|low_ctr,high,2459.0,2.0,17.70404406273797,0.0008133387555917
847,client_73cda7b4e4f265ea,content_bd02738c9ba13c71,0.753550480002192,refresh_priority,weak_position|low_ctr,high,252.0,0.0,48.308097643097646,0.0
848,client_23a62021009f63c4,content_f46ed2cf45e44c1b,0.7535386206295596,refresh_priority,weak_position|low_ctr,high,569.0,1.0,44.614746761807694,0.0017574692442882
849,client_62f4a7e64f5e0096,content_e943c00dc056afe0,0.7535328631539935,refresh_priority,low_ctr,high,2114.0,2.0,3.1277890011276783,0.0009460737937559
850,client_73cda7b4e4f265ea,content_092968080dedb8e1,0.7535178946613841,refresh_priority,weak_position|low_ctr,high,1187.0,0.0,36.2466349529024,0.0
851,client_73cda7b4e4f265ea,content_77ada8b91d52ced3,0.753506127610279,refresh_priority,weak_position|low_ctr,high,1582.0,0.0,15.306621005412334,0.0
852,client_23a62021009f63c4,content_83a57ca10f9fbcde,0.7535015754526833,refresh_priority,weak_position|low_ctr,high,1003.0,0.0,21.991285721784887,0.0
853,client_b10cb2997d0c7c86,content_dd00cc9c59d75b7a,0.7535014618608856,refresh_priority,weak_position|low_ctr,high,131.0,0.0,17.638194444444444,0.0
854,client_62f4a7e64f5e0096,content_9ff958bdd0e11731,0.7534636441582745,refresh_priority,low_ctr,high,492.0,1.0,2.707915359604239,0.0020325203252032
855,client_e547b89c05043229,content_f64f48ef8888df65,0.7534548220736469,refresh_priority,weak_position|low_ctr,high,634.0,0.0,28.99725848085802,0.0
856,client_62f4a7e64f5e0096,content_e9b7651517cbc042,0.7534535221272178,refresh_priority,low_ctr,high,716.0,1.0,3.2391846108489792,0.0013966480446927
857,client_62f4a7e64f5e0096,content_7090ba7a05e74b9e,0.7534535221272178,refresh_priority,low_ctr,high,750.0,1.0,3.2173475457028444,0.0013333333333333
858,client_73cda7b4e4f265ea,content_a1a56a54cc6dc7e8,0.7534181012583604,refresh_priority,weak_position|low_ctr,high,900.0,0.0,13.243986473254589,0.0
859,client_fef1a8f436438636,content_dd8b370781682849,0.7534017134769538,refresh_priority,low_ctr,high,1550.0,2.0,8.53322902846037,0.0012903225806451
860,client_73cda7b4e4f265ea,content_e53d09173f325e24,0.7533493417437818,refresh_priority,weak_position|low_ctr,high,433.0,0.0,31.65802073948488,0.0
861,client_73cda7b4e4f265ea,content_e5c0e0f8918c1d20,0.7533297173198013,refresh_priority,weak_position|low_ctr,high,351.0,0.0,17.496908600658603,0.0
862,client_1a8bf67cad4ee525,content_2b69c97f869e9cc6,0.7533183528726473,refresh_priority,low_ctr,high,1750.0,2.0,4.183950349208169,0.0011428571428571
863,client_0fa64a184f18a4a0,content_0316dabdbc4e90d9,0.7533100932781227,refresh_priority,low_ctr,high,393.0,0.0,2.8576850206485758,0.0
864,client_9958f0a7ae1df715,content_237e63fc00c8c7ad,0.7532968502648856,refresh_priority,weak_position|low_ctr,high,6480.0,7.0,10.54961942582121,0.0010802469135802
865,client_73cda7b4e4f265ea,content_a5a91441c44e958f,0.7532937757180577,refresh_priority,low_ctr,high,2810.0,3.0,7.547513860727588,0.0010676156583629
866,client_9958f0a7ae1df715,content_fb61c888f78b143f,0.7532768317972004,refresh_priority,weak_position|low_ctr,high,633.0,1.0,72.97897062463576,0.0015797788309636
867,client_23a62021009f63c4,content_69d20b1503991376,0.753273146742042,refresh_priority,weak_position,high,1225.0,4.0,35.47658817087137,0.0032653061224489
868,client_9958f0a7ae1df715,content_f3a75d8cf58dd50b,0.7532725424283263,refresh_priority,low_ctr,high,392.0,0.0,7.181197458486931,0.0
869,client_157ffe4d4a595515,content_e3b413ddab9978a2,0.7532307786675221,refresh_priority,low_ctr,high,2733.0,0.0,9.492047572736684,0.0
870,client_a80fca3f171ed1de,content_4f8a6369d194868d,0.7532019443579308,refresh_priority,weak_position|low_ctr,high,214.0,0.0,24.897077922077923,0.0
871,client_62f4a7e64f5e0096,content_b81789bbb7bb4124,0.7531818135088139,refresh_priority,low_ctr,high,505.0,1.0,2.7022767174142883,0.0019801980198019
872,client_23a62021009f63c4,content_3223e0b3387b17b0,0.7531507748993639,refresh_priority,weak_position|low_ctr,high,202.0,0.0,32.47170029317088,0.0
873,client_a80fca3f171ed1de,content_f945b57a919f5c5e,0.7531436705683041,refresh_priority,low_ctr,high,3257.0,7.0,4.689214895139056,0.0021492170709241
874,client_73cda7b4e4f265ea,content_dab65579a67f76c0,0.753131844024212,refresh_priority,low_ctr,high,4327.0,0.0,8.95662084753911,0.0
875,client_73cda7b4e4f265ea,content_0989ea92acd193ac,0.7531284793456398,refresh_priority,weak_position|low_ctr,high,341.0,0.0,15.453285410123646,0.0
876,client_23a62021009f63c4,content_4e35865f7b782060,0.7530859726071675,refresh_priority,weak_position|low_ctr,high,2694.0,2.0,50.24674402079886,0.0007423904974016
877,client_86ebc2f12c01f586,content_e2b38db1fedeba9a,0.7530698548984802,refresh_priority,low_ctr,high,729.0,1.0,3.27754956752711,0.0013717421124828
878,client_0fa64a184f18a4a0,content_4867ac2714b862fd,0.7530506245676871,refresh_priority,low_ctr,high,162.0,0.0,3.4721607782898105,0.0
879,client_0fa64a184f18a4a0,content_40c8b8a52e6b36da,0.7529693484843519,refresh_priority,low_ctr,high,212.0,0.0,3.341005938505939,0.0
880,client_a80fca3f171ed1de,content_f40d26121faa4641,0.7529423366778695,refresh_priority,general_review,high,1220.0,4.0,9.432815654463138,0.0032786885245901
881,client_73cda7b4e4f265ea,content_c9b945aff4edbcb6,0.7529230814933089,refresh_priority,weak_position|low_ctr,high,1014.0,1.0,23.36362309151574,0.0009861932938856
882,client_73cda7b4e4f265ea,content_00365c8be7f180ca,0.7529107972135581,refresh_priority,weak_position|low_ctr,high,1360.0,1.0,21.506105199908024,0.000735294117647
883,client_fef1a8f436438636,content_22cd989c6ed8d317,0.7528284923741194,refresh_priority,weak_position|low_ctr,high,518.0,0.0,12.99930389517328,0.0
884,client_73cda7b4e4f265ea,content_9374a2a4196fd629,0.7528229222387713,refresh_priority,weak_position|low_ctr,high,347.0,0.0,64.02798984784279,0.0
885,client_65de48885f4ef01b,content_940e3889206d5d7b,0.7528227637258588,refresh_priority,low_ctr,high,337.0,0.0,9.048349059830752,0.0
886,client_e5c2aa26a8598242,content_a4943a11c212e1f4,0.7528198038295676,refresh_priority,general_review,high,1351.0,4.0,8.43940728527026,0.002960769800148
887,client_810019792c9b8efc,content_5fb49d010664debc,0.7527955870451475,refresh_priority,weak_position|low_ctr,high,234.0,0.0,14.83852810295118,0.0
888,client_62f4a7e64f5e0096,content_ab309a8fc2ab0103,0.7527836751800673,refresh_priority,low_ctr,high,551.0,1.0,3.105426049251497,0.0018148820326678
889,client_62f4a7e64f5e0096,content_5e41f600a606e502,0.7527638440239597,refresh_priority,low_ctr,high,483.0,1.0,2.6090065490912178,0.0020703933747412
890,client_73cda7b4e4f265ea,content_a5fb76a13667b5e5,0.7527480943087894,refresh_priority,weak_position|low_ctr,high,741.0,0.0,34.982928633639254,0.0
891,client_23a62021009f63c4,content_77b77d73360f67f0,0.7527230120442542,refresh_priority,weak_position|low_ctr,high,455.0,0.0,12.695578780742498,0.0
892,client_23a62021009f63c4,content_44f9d2a1ce416af2,0.7527049079477087,refresh_priority,weak_position|low_ctr,high,526.0,1.0,25.847997932494728,0.0019011406844106
893,client_157ffe4d4a595515,content_02d34b43420be55b,0.7526985613082072,refresh_priority,low_ctr,high,7691.0,6.0,9.49175367512402,0.0007801326225458
894,client_fef1a8f436438636,content_0aaa197051f58d6f,0.752697934667964,refresh_priority,weak_position|low_ctr,high,31884.0,9.0,56.51472645981127,0.0002822732404968
895,client_86ebc2f12c01f586,content_d4c51f94e3bdc513,0.7526942315471495,refresh_priority,low_ctr,high,679.0,1.0,3.321484073089811,0.0014727540500736
896,client_fef1a8f436438636,content_9449c17edc467733,0.752679361218719,refresh_priority,weak_position|low_ctr,high,1269.0,1.0,26.622846682598453,0.0007880220646178
897,client_2094c6eb080311d5,content_c38d87531dbbc4d1,0.7526742405175895,refresh_priority,weak_position|low_ctr,high,680.0,0.0,21.089225433343906,0.0
898,client_08a6a72ff48e62c0,content_73f238f1a61b735f,0.7526700735262876,refresh_priority,low_ctr,high,1786.0,2.0,3.20351342553588,0.0011198208286674
899,client_62f4a7e64f5e0096,content_3ca9b5edbfef364f,0.7526637897668027,refresh_priority,low_ctr,high,495.0,1.0,2.840212844739214,0.002020202020202
900,client_23a62021009f63c4,content_0ffb6023adc42578,0.7526622031831174,refresh_priority,weak_position|low_ctr,high,1584.0,2.0,31.86876430631747,0.0012626262626262
901,client_a80fca3f171ed1de,content_892d9925f3f3e8f1,0.752651865946169,refresh_priority,low_ctr,high,697.0,1.0,2.1574388810138263,0.0014347202295552
902,client_b10cb2997d0c7c86,content_a7a85f7a9ce5d96d,0.7526318726730556,refresh_priority,low_ctr,high,870.0,0.0,5.211572785167984,0.0
903,client_73cda7b4e4f265ea,content_5c4078df39963e03,0.7526147549502707,refresh_priority,low_ctr,high,3733.0,5.0,7.338870278544863,0.001339405304045
904,client_73cda7b4e4f265ea,content_5d4b31d07a99a28e,0.752604842278181,refresh_priority,low_ctr,high,742.0,0.0,9.426931699447524,0.0
905,client_3197e6291363b4db,content_8c0fef0f5db6687b,0.7525739724558352,refresh_priority,weak_position|low_ctr,high,229.0,0.0,15.482524220201707,0.0
906,client_9958f0a7ae1df715,content_84493dcefc6fcb06,0.7525630281070129,refresh_priority,weak_position|low_ctr,high,255.0,0.0,10.303023504273506,0.0
907,client_73cda7b4e4f265ea,content_cc099cdf6be30a71,0.7525169092302975,refresh_priority,weak_position|low_ctr,high,778.0,0.0,33.53495545895021,0.0
908,client_20259bd6705d81d4,content_a66e08419ee8744d,0.7525168340789679,refresh_priority,low_ctr,high,387.0,0.0,2.8578162923248063,0.0
909,client_3197e6291363b4db,content_df81d3296977e195,0.7525076825146793,refresh_priority,weak_position|low_ctr,high,1348.0,0.0,10.50428130814996,0.0
910,client_73cda7b4e4f265ea,content_33fb40b9b383627b,0.7525065770945151,refresh_priority,weak_position|low_ctr,high,814.0,2.0,27.521694683660726,0.0024570024570024
911,client_fef1a8f436438636,content_1382f2702d83079f,0.7524929753587661,refresh_priority,weak_position|low_ctr,high,983.0,0.0,31.275269753513104,0.0
912,client_23a62021009f63c4,content_17e6d9609f272b44,0.7524926514182249,refresh_priority,weak_position|low_ctr,high,1104.0,1.0,39.96789886522645,0.0009057971014492
913,client_9958f0a7ae1df715,content_34cfe70324990062,0.7524888177136742,refresh_priority,weak_position|low_ctr,high,153.0,0.0,63.63549422799422,0.0
914,client_73cda7b4e4f265ea,content_a76651349ff9cdc8,0.7524579770724751,refresh_priority,low_ctr,high,3038.0,1.0,7.187657649745519,0.0003291639236339
915,client_73cda7b4e4f265ea,content_a86b29a154b50119,0.7524458591559164,refresh_priority,weak_position|low_ctr,high,2773.0,2.0,12.051104301203488,0.0007212405337179
916,client_1a730cb2640a1abf,content_7752c149a2d295ff,0.7524458591559164,refresh_priority,weak_position|low_ctr,high,2765.0,2.0,17.262533027866873,0.0007233273056057
917,client_1a730cb2640a1abf,content_12ef19493a91fcb7,0.7524451588396339,refresh_priority,low_ctr,high,5142.0,11.0,8.50276091646644,0.0021392454297938
918,client_62f4a7e64f5e0096,content_d71cb4ef23e4578d,0.7524234820983913,refresh_priority,low_ctr,high,761.0,1.0,3.423760169952476,0.0013140604467805
919,client_62f4a7e64f5e0096,content_ae8ff82dbaf2b760,0.7524234820983913,refresh_priority,low_ctr,high,763.0,1.0,3.338718992631995,0.001310615989515
920,client_73cda7b4e4f265ea,content_2a3baf9466527712,0.7524198327967773,refresh_priority,weak_position|low_ctr,high,1421.0,0.0,10.629604427865011,0.0
921,client_86ebc2f12c01f586,content_e9bdbf6d28ddeef7,0.7524063623263977,refresh_priority,low_ctr,high,666.0,1.0,3.3185981420233666,0.0015015015015015
922,client_a22068e339bf95f5,content_197cc34ed45bb5cc,0.7523952315891124,refresh_priority,low_ctr,high,2009.0,4.0,8.789415649773932,0.0019910403185664
923,client_a22068e339bf95f5,content_03e1d83dea233c66,0.752360974690637,refresh_priority,low_ctr,high,527.0,0.0,9.367744424234282,0.0
924,client_73cda7b4e4f265ea,content_68de09e1fe0a7dcb,0.7523577238761913,refresh_priority,weak_position|low_ctr,high,763.0,0.0,11.467417198880735,0.0
925,client_23a62021009f63c4,content_2a04e2bf348a175b,0.7523327631112942,refresh_priority,weak_position|low_ctr,high,579.0,1.0,23.08622200220752,0.001727115716753
926,client_73cda7b4e4f265ea,content_0bf90eedb058a812,0.7523295782692176,refresh_priority,weak_position|low_ctr,high,618.0,1.0,28.84446462158859,0.0016181229773462
927,client_23a62021009f63c4,content_ab6247e5ae7b26ab,0.7523295782692176,refresh_priority,weak_position|low_ctr,high,575.0,1.0,27.53561361798556,0.0017391304347826
928,client_23a62021009f63c4,content_0d12c825641ec632,0.7523256461185654,refresh_priority,weak_position|low_ctr,high,430.0,0.0,23.582260146239346,0.0
929,client_73cda7b4e4f265ea,content_f31125f367e9d87e,0.7523195173899834,refresh_priority,weak_position|low_ctr,high,554.0,0.0,40.1730383286827,0.0
930,client_23a62021009f63c4,content_43d1af998fad61ac,0.7522946481506494,refresh_priority,weak_position|low_ctr,high,1123.0,2.0,58.302848787786026,0.0017809439002671
931,client_73cda7b4e4f265ea,content_f43330c1cd69015b,0.7522873828970804,refresh_priority,low_ctr,high,1468.0,2.0,7.965155952586162,0.0013623978201634
932,client_fef1a8f436438636,content_6dde8f7f85de857a,0.7522837676872787,refresh_priority,weak_position|low_ctr,high,207.0,0.0,42.93027935027935,0.0
933,client_20259bd6705d81d4,content_d4fff57aae9af2a3,0.7522498337202552,refresh_priority,low_ctr,high,436.0,0.0,3.093140250408321,0.0
934,client_b10cb2997d0c7c86,content_75fc5e5378bb11bd,0.7522484241969666,refresh_priority,weak_position|low_ctr,high,310.0,0.0,10.126920754209678,0.0
935,client_23a62021009f63c4,content_291450bc56840793,0.7522101843792154,refresh_priority,weak_position|low_ctr,high,854.0,1.0,20.28690057067085,0.0011709601873536
936,client_23a62021009f63c4,content_532d96d500804552,0.7521801093362703,refresh_priority,weak_position|low_ctr,high,761.0,1.0,33.85305677935129,0.0013140604467805
937,client_fef1a8f436438636,content_68b2168cd1c4af9a,0.7521743787523288,refresh_priority,weak_position|low_ctr,high,242.0,0.0,40.25054259093733,0.0
938,client_b10cb2997d0c7c86,content_fc7580c9cf7dc181,0.7521514083800226,refresh_priority,weak_position|low_ctr,high,962.0,0.0,13.242851219644432,0.0
939,client_62f4a7e64f5e0096,content_5e53f463babfe179,0.752119978394023,refresh_priority,low_ctr,high,739.0,1.0,3.4986586153794885,0.0013531799729364
940,client_73cda7b4e4f265ea,content_fbba0b83fabd7acb,0.7521119642371942,refresh_priority,weak_position|low_ctr,high,555.0,1.0,53.83645103416196,0.0018018018018018
941,client_810019792c9b8efc,content_f13addd6d999e59f,0.7520612104152077,refresh_priority,low_ctr,high,780.0,0.0,8.803175931337982,0.0
942,client_73cda7b4e4f265ea,content_8331948ffdc749f9,0.7520342322034446,refresh_priority,weak_position|low_ctr,high,302.0,0.0,26.516315419330127,0.0
943,client_73cda7b4e4f265ea,content_8bbdb13869a9f2ca,0.7520268784273257,refresh_priority,weak_position|low_ctr,high,934.0,0.0,28.37217899481213,0.0
944,client_62f4a7e64f5e0096,content_8170d2cefe196711,0.7519996000071022,refresh_priority,low_ctr,high,596.0,1.0,3.17671128766352,0.0016778523489932
945,client_23a62021009f63c4,content_0c70f21ef6e194a9,0.7519788852762213,refresh_priority,weak_position,high,1030.0,4.0,13.991978134223135,0.003883495145631
946,client_62f4a7e64f5e0096,content_f8ca14c5d086e4cf,0.7519639896324879,refresh_priority,low_ctr,high,488.0,1.0,2.770432194933453,0.0020491803278688
947,client_62f4a7e64f5e0096,content_cf473c010f0cb544,0.7519486608988172,refresh_priority,low_ctr,high,711.0,1.0,3.527545851228717,0.0014064697609001
948,client_73cda7b4e4f265ea,content_28d9dc3dfb26a832,0.7519468152606016,refresh_priority,low_ctr,high,5720.0,9.0,7.731354825038011,0.0015734265734265
949,client_73cda7b4e4f265ea,content_847320ba173933e6,0.7519407636718388,refresh_priority,weak_position|low_ctr,high,676.0,1.0,23.462248239488712,0.0014792899408284
950,client_23a62021009f63c4,content_f793f8f2ec527ce4,0.7519028370630129,refresh_priority,weak_position|low_ctr,high,3196.0,2.0,15.87584063357579,0.0006257822277847
951,client_b10cb2997d0c7c86,content_663cc10cf6738b52,0.7519024435640168,refresh_priority,weak_position|low_ctr,high,3055.0,0.0,10.879841598456126,0.0
952,client_73cda7b4e4f265ea,content_947d144b1d49d760,0.7518675922987254,refresh_priority,weak_position|low_ctr,high,661.0,0.0,19.36406440421571,0.0
953,client_23a62021009f63c4,content_cdf23555d53c875c,0.751864529405071,refresh_priority,weak_position|low_ctr,high,908.0,0.0,20.67650929988969,0.0
954,client_62f4a7e64f5e0096,content_3553b6c6161ab3c8,0.751848505625421,refresh_priority,low_ctr,high,2813.0,2.0,3.456186568708922,0.0007109847138286
955,client_9958f0a7ae1df715,content_3fd23f597ba43dab,0.7518340140139411,refresh_priority,weak_position|low_ctr,high,333.0,0.0,50.6489692918268,0.0
956,client_810019792c9b8efc,content_e1d6fce3e48a3c3a,0.7518104676488178,refresh_priority,general_review,high,370.0,1.0,5.717213018463018,0.0027027027027027
957,client_fef1a8f436438636,content_e7e56b5396c93880,0.7517871524332693,refresh_priority,weak_position|low_ctr,high,954.0,0.0,45.92124581758591,0.0
958,client_a80fca3f171ed1de,content_5d3283a4e514a2c2,0.7517836012442516,refresh_priority,weak_position|low_ctr,high,1591.0,2.0,22.77605506530116,0.0012570710245128
959,client_86ebc2f12c01f586,content_29383f5a04b3b4f2,0.7517170590849787,refresh_priority,low_ctr,high,1506.0,3.0,2.5863745290480717,0.0019920318725099
960,client_a80fca3f171ed1de,content_e94eb970e9613506,0.7517147269893115,refresh_priority,weak_position|low_ctr,high,763.0,0.0,30.08603909893751,0.0
961,client_73cda7b4e4f265ea,content_9082ddf93c51dc0b,0.7517103635805842,refresh_priority,weak_position|low_ctr,high,322.0,0.0,30.53810701825408,0.0
962,client_73cda7b4e4f265ea,content_a115da67b879349e,0.7516816767850065,refresh_priority,weak_position|low_ctr,high,443.0,1.0,31.771289980770245,0.0022573363431151
963,client_a80fca3f171ed1de,content_2b4876e64e44fa9c,0.7516642748061566,refresh_priority,low_ctr,high,517.0,0.0,8.719898513640773,0.0
964,client_73cda7b4e4f265ea,content_a6ae387ab3ee9a29,0.7516363501073793,refresh_priority,low_ctr,high,3514.0,2.0,4.059265481552284,0.0005691519635742
965,client_1a730cb2640a1abf,content_db7f81d15a5a64c8,0.7516266678406516,refresh_priority,low_ctr,high,649.0,1.0,4.740195034584795,0.0015408320493066
966,client_73cda7b4e4f265ea,content_e5138c677c266dc9,0.7516227469477375,refresh_priority,low_ctr,high,2893.0,4.0,5.30063710045893,0.0013826477704804
967,client_73cda7b4e4f265ea,content_6c5bda4c09267159,0.7516219229505643,refresh_priority,weak_position|low_ctr,high,3457.0,1.0,15.210840582473812,0.0002892681515765
968,client_73cda7b4e4f265ea,content_ebe5c03afa1fd582,0.7515996307254817,refresh_priority,weak_position|low_ctr,high,210.0,0.0,34.649792097765776,0.0
969,client_23a62021009f63c4,content_3cc2057cb684f9aa,0.7515425409539184,refresh_priority,weak_position|low_ctr,high,314.0,0.0,25.568412859070754,0.0
970,client_73cda7b4e4f265ea,content_4981fae6caff58a3,0.7515115972335377,refresh_priority,weak_position|low_ctr,high,1737.0,2.0,10.071687605050988,0.0011514104778353
971,client_73cda7b4e4f265ea,content_879de200f19f4a50,0.7515051240114816,refresh_priority,low_ctr,high,1382.0,0.0,9.463259234552902,0.0
972,client_86ebc2f12c01f586,content_821fedaa25538d5a,0.7514980028742212,refresh_priority,low_ctr,high,3464.0,0.0,7.083333146738069,0.0
973,client_3197e6291363b4db,content_48aa2c2866e168b5,0.7514956191331204,refresh_priority,weak_position|low_ctr,high,2605.0,3.0,13.988770052590684,0.001151631477927
974,client_23a62021009f63c4,content_e654ef27585b8a6f,0.7514497806708389,refresh_priority,weak_position|low_ctr,high,163.0,0.0,61.287180134680135,0.0
975,client_9958f0a7ae1df715,content_21b371f094276f2c,0.7514302593835981,refresh_priority,low_ctr,high,314.0,0.0,7.968650850997542,0.0
976,client_62f4a7e64f5e0096,content_778ded57c81d8c29,0.751423693808426,refresh_priority,low_ctr,high,4012.0,5.0,2.7662644689312685,0.0012462612163509
977,client_23a62021009f63c4,content_5eacaf477b015f98,0.7514143634958178,refresh_priority,weak_position|low_ctr,high,1572.0,3.0,29.666512733062667,0.0019083969465648
978,client_e547b89c05043229,content_1f424e0e977df98b,0.7513939448001539,refresh_priority,weak_position|low_ctr,high,1937.0,1.0,10.496897611572908,0.0005162622612287
979,client_23a62021009f63c4,content_e11ce8cafc1c778e,0.7513571296888029,refresh_priority,weak_position|low_ctr,high,308.0,0.0,20.049233811996967,0.0
980,client_23a62021009f63c4,content_2a8122817ff3423b,0.7513509287929364,refresh_priority,weak_position|low_ctr,high,3568.0,9.0,14.571744756872544,0.0025224215246636
981,client_0fa64a184f18a4a0,content_1165ec2e68e26fc7,0.7513246409920652,refresh_priority,low_ctr,high,170.0,0.0,2.7818400167084376,0.0
982,client_23a62021009f63c4,content_b31672d4f2b9f77f,0.7513102739576747,refresh_priority,weak_position|low_ctr,high,972.0,2.0,13.21146969235368,0.0020576131687242
983,client_73cda7b4e4f265ea,content_f7d7fba939431dff,0.7513041196915081,refresh_priority,weak_position|low_ctr,high,2962.0,3.0,12.801903339586394,0.00101282916948
984,client_23a62021009f63c4,content_b2efe09225a3ccd7,0.7512917165419343,refresh_priority,weak_position|low_ctr,high,416.0,0.0,23.19768628302394,0.0
985,client_73cda7b4e4f265ea,content_4e903473be496059,0.7512853932669302,refresh_priority,weak_position|low_ctr,high,551.0,0.0,41.65887015006594,0.0
986,client_23a62021009f63c4,content_95f2c3520e0dc351,0.7512830739544097,refresh_priority,weak_position|low_ctr,high,3668.0,5.0,19.248158490633607,0.0013631406761177
987,client_65de48885f4ef01b,content_f0fb9707e74d29f8,0.7512692354422673,refresh_priority,weak_position|low_ctr,high,1110.0,1.0,10.777310317061222,0.0009009009009009
988,client_23a62021009f63c4,content_c6a08582febc1a6d,0.751257249711222,refresh_priority,low_ctr,high,536.0,1.0,6.5742099007230586,0.001865671641791
989,client_a80fca3f171ed1de,content_7d61bfa9d675b0b1,0.7512254880069315,refresh_priority,general_review,high,328.0,1.0,7.0744610019610015,0.0030487804878048
990,client_73cda7b4e4f265ea,content_4c36ddb0f481492d,0.7512223496051914,refresh_priority,weak_position|low_ctr,high,543.0,0.0,24.071048089036843,0.0
991,client_9958f0a7ae1df715,content_79bfcf05bc81bf82,0.7512134588652825,refresh_priority,low_ctr,high,654.0,1.0,6.896248461041555,0.0015290519877675
992,client_73cda7b4e4f265ea,content_d0e9dc3888e09623,0.751213126806347,refresh_priority,low_ctr,high,6452.0,9.0,8.139874404184466,0.0013949163050216
993,client_9958f0a7ae1df715,content_d73205f6d972a269,0.7511991436303457,refresh_priority,low_ctr,high,2512.0,5.0,8.489848101035323,0.0019904458598726
994,client_62f4a7e64f5e0096,content_9b9b7f9fd0a74b3e,0.7511818495253444,refresh_priority,low_ctr,high,951.0,2.0,2.5828190900769394,0.0021030494216614
995,client_23a62021009f63c4,content_21ec4578aeef71ef,0.7511799129370651,refresh_priority,weak_position|low_ctr,high,459.0,0.0,41.5351622258663,0.0
996,client_e547b89c05043229,content_1f0f9873eb79e097,0.7511799129370651,refresh_priority,weak_position|low_ctr,high,451.0,0.0,41.23429552130639,0.0
997,client_9958f0a7ae1df715,content_29dd8ab4be8138c4,0.7511782308754389,refresh_priority,weak_position|low_ctr,high,307.0,0.0,71.23151734431146,0.0
998,client_fef1a8f436438636,content_f2b7a6b2b2f9a031,0.7511641175373642,refresh_priority,weak_position|low_ctr,high,244.0,0.0,16.356477241893906,0.0
999,client_23a62021009f63c4,content_a155abaf1be54c5d,0.7511435705932963,refresh_priority,weak_position|low_ctr,high,140.0,0.0,19.45834656084656,0.0
1000,client_73cda7b4e4f265ea,content_0371df7b41686ed3,0.7511320370998977,refresh_priority,weak_position|low_ctr,high,1883.0,3.0,12.91536186590717,0.0015932023366967
1001,client_e547b89c05043229,content_d2df1ea0787578a1,0.7511066353239113,refresh_priority,weak_position|low_ctr,high,422.0,0.0,29.28899904518712,0.0
1002,client_73cda7b4e4f265ea,content_f51b7aa8ab7560ea,0.7510799673410214,refresh_priority,weak_position|low_ctr,high,299.0,0.0,15.929318817253602,0.0
1003,client_fef1a8f436438636,content_7bead710b3839213,0.7510531905868173,refresh_priority,weak_position|low_ctr,high,723.0,0.0,15.263735318800084,0.0
1004,client_e547b89c05043229,content_e46610a2f02540ee,0.7510520321237949,refresh_priority,weak_position,high,292.0,1.0,30.20428672691831,0.0034246575342465
1005,client_3197e6291363b4db,content_0091a50e1ac709a6,0.7510509533999092,refresh_priority,weak_position|low_ctr,high,235.0,0.0,23.652808857808857,0.0
1006,client_73cda7b4e4f265ea,content_1bb7d17cac7f6b78,0.7510425745567397,refresh_priority,low_ctr,high,10944.0,3.0,8.94124990763052,0.0002741228070175
1007,client_23a62021009f63c4,content_59c5cc86fe3744bf,0.7510273918040663,refresh_priority,weak_position|low_ctr,high,1367.0,0.0,33.32775050099967,0.0
1008,client_b10cb2997d0c7c86,content_30913cba8bfb63d7,0.751023236483356,refresh_priority,low_ctr,high,111.0,0.0,6.202518315018315,0.0
1009,client_b10cb2997d0c7c86,content_a436d8316dcbbdbe,0.7510114028980788,refresh_priority,low_ctr,high,975.0,1.0,9.665003313496092,0.001025641025641
1010,client_fef1a8f436438636,content_23d0b94c9762bf94,0.7509765768628137,refresh_priority,weak_position|low_ctr,high,431.0,0.0,25.02528494166652,0.0
1011,client_62f4a7e64f5e0096,content_0f2a7dc8206b93bd,0.7509695599782757,refresh_priority,low_ctr,high,591.0,1.0,3.359711193063529,0.0016920473773265
1012,client_62f4a7e64f5e0096,content_23f77d2d0a5d0193,0.7509695599782757,refresh_priority,low_ctr,high,599.0,1.0,3.439059523402413,0.001669449081803
1013,client_86ebc2f12c01f586,content_72ec9e2765844fe5,0.7508808072935035,refresh_priority,low_ctr,high,1594.0,2.0,3.499332134495802,0.001254705144291
1014,client_86ebc2f12c01f586,content_0f3d0fa4fe038c2a,0.7508607312400101,refresh_priority,low_ctr,high,617.0,1.0,3.4935249362492207,0.0016207455429497
1015,client_73cda7b4e4f265ea,content_fe635d730c07a702,0.7508586870398881,refresh_priority,low_ctr,high,329.0,0.0,4.667308524808525,0.0
1016,client_73cda7b4e4f265ea,content_cd301cd8b3916b3e,0.7508489823858627,refresh_priority,low_ctr,high,387.0,0.0,6.379042950513538,0.0
1017,client_62f4a7e64f5e0096,content_6f0c9b25f3b01edf,0.750831387036666,refresh_priority,low_ctr,high,576.0,1.0,3.408998552388233,0.0017361111111111
1018,client_b10cb2997d0c7c86,content_77341c681d92fea3,0.7508076185544306,refresh_priority,weak_position,high,229.0,1.0,16.344214738601995,0.0043668122270742
1019,client_3f0ce4d44fe94f3d,content_4a707719917bae1b,0.7507699352487134,refresh_priority,weak_position|low_ctr,high,695.0,1.0,13.513998620943108,0.0014388489208633
1020,client_73cda7b4e4f265ea,content_299b03ad3603863f,0.7507513415836107,refresh_priority,weak_position|low_ctr,high,271.0,0.0,28.38902069870548,0.0
1021,client_23a62021009f63c4,content_4f27bcd208ead692,0.7507500540537497,refresh_priority,weak_position|low_ctr,high,1747.0,2.0,38.48818825650953,0.0011448196908986
1022,client_86ebc2f12c01f586,content_cf0cf3e78be39713,0.7507380933080771,refresh_priority,low_ctr,high,660.0,1.0,2.3676071585769907,0.0015151515151515
1023,client_fef1a8f436438636,content_4d8d126f84575541,0.7505939122955984,refresh_priority,low_ctr,high,1004.0,2.0,8.841800131550292,0.0019920318725099
1024,client_810019792c9b8efc,content_77c247e28e11ed45,0.7505893240938813,refresh_priority,weak_position,high,895.0,3.0,13.878981090275204,0.0033519553072625
1025,client_0fa64a184f18a4a0,content_b04f24d930c6b47b,0.7505893025494825,refresh_priority,low_ctr,high,864.0,1.0,2.567378552659237,0.0011574074074074
1026,client_157ffe4d4a595515,content_28a2cc87827193b7,0.7505821526202976,refresh_priority,low_ctr,high,144.0,0.0,6.968611111111112,0.0
1027,client_73cda7b4e4f265ea,content_dec2770d31a31e8d,0.7505675182716333,refresh_priority,weak_position|low_ctr,high,321.0,0.0,26.779684809907508,0.0
1028,client_20259bd6705d81d4,content_60636412c16d081d,0.7505500997633682,refresh_priority,low_ctr,high,1489.0,0.0,7.836635383901179,0.0
1029,client_73cda7b4e4f265ea,content_b44cc586292ed87f,0.7505463755428554,refresh_priority,weak_position|low_ctr,high,318.0,0.0,24.94836500015293,0.0
1030,client_62f4a7e64f5e0096,content_f7dbe29548c7ed55,0.7505303553155575,refresh_priority,low_ctr,high,1980.0,0.0,2.0448618269070677,0.0
1031,client_fef1a8f436438636,content_032d3a0fcc1f05d2,0.7505063321768685,refresh_priority,weak_position|low_ctr,high,372.0,0.0,21.23116366204601,0.0
1032,client_1a8bf67cad4ee525,content_5f1eb6d761a51294,0.7504887136132866,refresh_priority,low_ctr,high,526.0,1.0,2.49198083877524,0.0019011406844106
1033,client_1a8bf67cad4ee525,content_37714dcd2158f143,0.7504105670726983,refresh_priority,low_ctr,high,735.0,1.0,2.2333455521187564,0.001360544217687
1034,client_157ffe4d4a595515,content_d46b261d1d67df0c,0.7504065341398094,refresh_priority,low_ctr,high,279.0,0.0,9.496523848958056,0.0
1035,client_20259bd6705d81d4,content_f6984d76b2c178af,0.750403171294115,refresh_priority,weak_position|low_ctr,high,1389.0,2.0,37.34307276454806,0.0014398848092152
1036,client_23a62021009f63c4,content_b47609adc5d8066a,0.7504009235238513,refresh_priority,weak_position|low_ctr,high,1120.0,0.0,22.11728995992324,0.0
1037,client_62f4a7e64f5e0096,content_f52801a2e0a9ce2e,0.7504005714843096,refresh_priority,low_ctr,high,949.0,0.0,1.4390189970325724,0.0
1038,client_62f4a7e64f5e0096,content_418c4b6f2aa1c539,0.7504005714843096,refresh_priority,low_ctr,high,1093.0,0.0,1.4118585853308734,0.0
1039,client_62f4a7e64f5e0096,content_37cfbffb47985a1c,0.7504005714843096,refresh_priority,low_ctr,high,1011.0,0.0,1.7477225844125432,0.0
1040,client_23a62021009f63c4,content_2dd1bf49c277881f,0.7503913936438661,refresh_priority,weak_position|low_ctr,high,1345.0,2.0,36.68887404464032,0.0014869888475836
1041,client_20259bd6705d81d4,content_01bd356919076b23,0.75038313354902,refresh_priority,low_ctr,high,438.0,0.0,3.391326381173864,0.0
1042,client_3197e6291363b4db,content_c436f53daa5e875c,0.7503809081937775,refresh_priority,low_ctr,high,544.0,0.0,5.09013521176679,0.0
1043,client_e547b89c05043229,content_2953f12aed8889a2,0.7503366008028298,refresh_priority,weak_position|low_ctr,high,225.0,0.0,13.624122544122544,0.0
1044,client_73cda7b4e4f265ea,content_c1d2943caf07b7b4,0.7503242969027548,refresh_priority,low_ctr,high,15514.0,8.0,9.08089651453047,0.0005156632718834
1045,client_a80fca3f171ed1de,content_a23cb1797e50dfcb,0.7503089856185358,refresh_priority,low_ctr,high,6453.0,11.0,6.873859172909463,0.0017046335037966
1046,client_73cda7b4e4f265ea,content_6c91d3073c81bdae,0.7503051454338922,refresh_priority,low_ctr,high,1722.0,1.0,7.699334615759386,0.0005807200929152
1047,client_23a62021009f63c4,content_a09f7dde5637a58e,0.7502972000390794,refresh_priority,weak_position|low_ctr,high,1706.0,2.0,26.82289667862332,0.0011723329425556
1048,client_a80fca3f171ed1de,content_d7e6dac2c9988942,0.7502614407593002,refresh_priority,low_ctr,high,376.0,0.0,7.740620357884291,0.0
1049,client_23a62021009f63c4,content_939ad0694a362f22,0.7502605028903107,refresh_priority,weak_position|low_ctr,high,1008.0,0.0,23.496433314454254,0.0
1050,client_62f4a7e64f5e0096,content_6d00eb881d79c183,0.7502466786923976,refresh_priority,low_ctr,high,981.0,0.0,1.8888436518404028,0.0
1051,client_23a62021009f63c4,content_c6bc746f9c171692,0.7502450308992528,refresh_priority,low_ctr,high,591.0,1.0,6.881709646636291,0.0016920473773265
1052,client_73cda7b4e4f265ea,content_5a2ca7fbbf185b4a,0.7502330798886963,refresh_priority,weak_position|low_ctr,high,1101.0,0.0,17.056901626218444,0.0
1053,client_73cda7b4e4f265ea,content_c94687b0853fd288,0.7501998734470158,refresh_priority,weak_position|low_ctr,high,264.0,0.0,14.14805611055611,0.0
1054,client_810019792c9b8efc,content_d6611e6ff7cb2adb,0.750179024102553,refresh_priority,low_ctr,high,409.0,1.0,6.7527336280277455,0.0024449877750611
1055,client_73cda7b4e4f265ea,content_796c9c2dc2d82ceb,0.7501561848784094,refresh_priority,weak_position|low_ctr,high,2213.0,0.0,58.788342164220815,0.0
1056,client_810019792c9b8efc,content_61347a22807fea47,0.7501471333190101,refresh_priority,general_review,high,255.0,1.0,3.760455233172624,0.0039215686274509
1057,client_73cda7b4e4f265ea,content_3000e972dcdcdaa6,0.7501455527461626,refresh_priority,weak_position|low_ctr,high,1561.0,2.0,15.75584051141905,0.0012812299807815
1058,client_23a62021009f63c4,content_47ed849026d6b227,0.7501373172558163,refresh_priority,weak_position|low_ctr,high,476.0,0.0,20.010229933017182,0.0
1059,client_a80fca3f171ed1de,content_d70e7a103a6d5816,0.7501021513112922,refresh_priority,low_ctr,high,1082.0,1.0,8.12802193008299,0.0009242144177449
1060,client_73cda7b4e4f265ea,content_a9af01cbd4e771b7,0.7500849263285925,refresh_priority,weak_position|low_ctr,high,427.0,0.0,19.831687977581065,0.0
1061,client_73cda7b4e4f265ea,content_9ad3a5e993598132,0.750081299118467,refresh_priority,weak_position|low_ctr,high,734.0,1.0,11.557344509866065,0.0013623978201634
1062,client_73cda7b4e4f265ea,content_a7ce03bab9c7afc0,0.7500589163882581,refresh_priority,weak_position|low_ctr,high,4274.0,0.0,12.991210809233213,0.0
1063,client_62f4a7e64f5e0096,content_c7154e214c17b46e,0.750016022599384,refresh_priority,low_ctr,high,803.0,0.0,1.7684566941403577,0.0
1064,client_62f4a7e64f5e0096,content_7e937079d2665893,0.7500081516601736,refresh_priority,low_ctr,high,525.0,1.0,3.292603989367675,0.0019047619047619
1065,client_0fa64a184f18a4a0,content_b69ad631b7ce1805,0.7500064837474825,refresh_priority,low_ctr,high,343.0,0.0,3.380704815337168,0.0
1066,client_73cda7b4e4f265ea,content_93ef249fd26b423a,0.7499935099506518,refresh_priority,weak_position|low_ctr,high,336.0,0.0,22.06613673576589,0.0
1067,client_86ebc2f12c01f586,content_dbe8e747db3d868a,0.749967078786761,refresh_priority,low_ctr,high,431.0,1.0,2.652190005026031,0.0023201856148491
1068,client_3197e6291363b4db,content_aeb162158d9e1714,0.7499638413997524,refresh_priority,weak_position|low_ctr,high,345.0,0.0,32.51343471343471,0.0
1069,client_23a62021009f63c4,content_87b4482d102df921,0.7499612026654551,refresh_priority,low_ctr,high,186.0,0.0,8.863709114959116,0.0
1070,client_fef1a8f436438636,content_dcf9bb4d4db7d769,0.7499590402156844,refresh_priority,weak_position|low_ctr,high,284.0,0.0,16.12521565036271,0.0
1071,client_62f4a7e64f5e0096,content_46d841b5a425c716,0.7499048881850781,refresh_priority,low_ctr,high,2380.0,5.0,2.530029609703913,0.0021008403361344
1072,client_73cda7b4e4f265ea,content_b3bae747eb2bf5bb,0.7498784796513995,refresh_priority,low_ctr,high,1787.0,2.0,8.474323332883579,0.0011191941801902
1073,client_fef1a8f436438636,content_e1f0f9fe4a00c6cb,0.7498533840216242,refresh_priority,weak_position|low_ctr,high,254.0,0.0,13.154224658497103,0.0
1074,client_73cda7b4e4f265ea,content_074dc8143a0971bc,0.7498353566303694,refresh_priority,weak_position|low_ctr,high,2594.0,0.0,18.219655847298466,0.0
1075,client_62f4a7e64f5e0096,content_ab3ffe1bb1c35fed,0.7497569787864173,refresh_priority,low_ctr,high,640.0,0.0,1.853510291354494,0.0
1076,client_62f4a7e64f5e0096,content_4e6059ffbde19f03,0.7497569787864173,refresh_priority,low_ctr,high,606.0,0.0,1.7866400963067337,0.0
1077,client_23a62021009f63c4,content_350949faf23992b7,0.7497409459208229,refresh_priority,weak_position|low_ctr,high,247.0,0.0,29.085020986925013,0.0
1078,client_9958f0a7ae1df715,content_c12c3af716333ef7,0.7496602020390775,refresh_priority,weak_position|low_ctr,high,269.0,0.0,18.17020853873795,0.0
1079,client_8ddc46da5414ffd8,content_3b69e0af1d78a996,0.7496512768087786,refresh_priority,low_ctr,high,853.0,1.0,3.584081120266314,0.0011723329425556
1080,client_9958f0a7ae1df715,content_82cbd042fa19e913,0.749609835772949,refresh_priority,weak_position|low_ctr,high,220.0,0.0,70.98766573295985,0.0
1081,client_9958f0a7ae1df715,content_ab7747aa4c264b41,0.7495830880851785,refresh_priority,weak_position|low_ctr,high,105.0,0.0,21.50643166357452,0.0
1082,client_23a62021009f63c4,content_37e1a2cc0534a3f6,0.7495425647403715,refresh_priority,weak_position|low_ctr,high,273.0,0.0,30.284132789868085,0.0
1083,client_62f4a7e64f5e0096,content_22e5c3fe4e045382,0.749534481476941,refresh_priority,low_ctr,high,801.0,0.0,2.206138729151492,0.0
1084,client_23a62021009f63c4,content_f3af32a61dabd00f,0.7495336303411338,refresh_priority,weak_position|low_ctr,high,123.0,0.0,29.96040798282177,0.0
1085,client_62f4a7e64f5e0096,content_97b55e79ad9fbf61,0.7495255933994461,refresh_priority,low_ctr,high,1111.0,0.0,2.273098100611283,0.0
1086,client_810019792c9b8efc,content_e347e9938d7a75b8,0.7495247608113164,refresh_priority,weak_position|low_ctr,high,974.0,2.0,10.31602271891986,0.002053388090349
1087,client_86ebc2f12c01f586,content_51e3708991749245,0.7495174488473247,refresh_priority,low_ctr,high,802.0,0.0,3.08757933337144,0.0
1088,client_23a62021009f63c4,content_fc8d6f311bfc02db,0.7495126944206916,refresh_priority,low_ctr,high,515.0,0.0,7.240997733514896,0.0
1089,client_73cda7b4e4f265ea,content_21e798640bcdbff7,0.749497589643531,refresh_priority,weak_position|low_ctr,high,231.0,0.0,48.62562372812373,0.0
1090,client_810019792c9b8efc,content_8bd8c30c8c65e60d,0.7494817212211142,refresh_priority,weak_position|low_ctr,high,836.0,1.0,16.779255804973825,0.0011961722488038
1091,client_fef1a8f436438636,content_84048431675d1baf,0.7494456729623235,refresh_priority,weak_position|low_ctr,high,1559.0,1.0,24.584843590656355,0.0006414368184733
1092,client_0fa64a184f18a4a0,content_e853667c359dc72e,0.7494381187352621,refresh_priority,low_ctr,high,1282.0,2.0,2.235207746568789,0.0015600624024961
1093,client_a80fca3f171ed1de,content_31993a13646d7394,0.7494335750728348,refresh_priority,low_ctr,high,8925.0,8.0,7.035955597131277,0.0008963585434173
1094,client_73cda7b4e4f265ea,content_67aaecaf46179017,0.7493946222096912,refresh_priority,weak_position|low_ctr,high,281.0,0.0,33.33514983523049,0.0
1095,client_62f4a7e64f5e0096,content_f80545958fb08f07,0.7493752154890085,refresh_priority,low_ctr,high,624.0,0.0,2.251499097439904,0.0
1096,client_9958f0a7ae1df715,content_b813c73d7000b3b1,0.7493730691234715,refresh_priority,weak_position|low_ctr,high,133.0,0.0,21.62387583680687,0.0
1097,client_fef1a8f436438636,content_d7eb749fa353339e,0.7492841871473666,refresh_priority,weak_position|low_ctr,high,414.0,0.0,41.40458143407447,0.0
1098,client_a80fca3f171ed1de,content_cee5e02bf6dc18ce,0.7492754376639743,refresh_priority,low_ctr,high,665.0,0.0,2.154703280093811,0.0
1099,client_86ebc2f12c01f586,content_f89482ce7a19eb5c,0.7492754376639743,refresh_priority,low_ctr,high,729.0,0.0,2.1212091182671053,0.0
1100,client_0fa64a184f18a4a0,content_afe1b9f9b9e0e100,0.7492754376639743,refresh_priority,low_ctr,high,707.0,0.0,2.001754024135113,0.0
1101,client_62f4a7e64f5e0096,content_439175e702b962c8,0.7492645317183287,refresh_priority,low_ctr,high,439.0,0.0,1.693428853674008,0.0
1102,client_e547b89c05043229,content_5443d2c56c93febc,0.7492286396589626,refresh_priority,weak_position|low_ctr,high,183.0,0.0,17.231333943833945,0.0
1103,client_73cda7b4e4f265ea,content_cb84e7951b5a8f3b,0.7492223314223615,refresh_priority,general_review,high,1011.0,4.0,8.603227968661777,0.0039564787339268
1104,client_62f4a7e64f5e0096,content_7b1853c8b68573ef,0.7491975938455498,refresh_priority,low_ctr,high,1292.0,1.0,3.698557270812373,0.0007739938080495
1105,client_b10cb2997d0c7c86,content_8ac6cbf4a3d7a3d3,0.7491583345934237,refresh_priority,weak_position|low_ctr,high,360.0,0.0,51.02091307369238,0.0
1106,client_1a8bf67cad4ee525,content_12f28ae8972ad488,0.7491525475478652,refresh_priority,low_ctr,high,596.0,1.0,2.0194842855260644,0.0016778523489932
1107,client_fef1a8f436438636,content_4faa57d8df2c7a5d,0.7490971512577043,refresh_priority,weak_position|low_ctr,high,546.0,1.0,18.247711802277305,0.0018315018315018
1108,client_23a62021009f63c4,content_74ef321a303f5988,0.7490944724335055,refresh_priority,low_ctr,high,165.0,0.0,3.024125966625967,0.0
1109,client_73cda7b4e4f265ea,content_a89c9ceb7a80af9a,0.7490916246827597,refresh_priority,weak_position,high,1180.0,4.0,18.08289185690039,0.0033898305084745
1110,client_86ebc2f12c01f586,content_9b399542987c73fb,0.749085064366402,refresh_priority,low_ctr,high,2427.0,1.0,1.9927990907609632,0.0004120313143798
1111,client_62f4a7e64f5e0096,content_96af7a3afec777a7,0.7490807626978717,refresh_priority,low_ctr,high,598.0,0.0,2.06719552989292,0.0
1112,client_9958f0a7ae1df715,content_810cf06597918291,0.7490719441211654,refresh_priority,low_visibility_monitor_only,high,65.0,0.0,34.442132505175984,0.0
1113,client_73cda7b4e4f265ea,content_ad587735ec702a4e,0.7490622909979042,refresh_priority,weak_position|low_ctr,high,1221.0,3.0,14.471887856149744,0.0024570024570024
1114,client_23a62021009f63c4,content_5f7299124864a33f,0.7490565015835358,refresh_priority,weak_position|low_ctr,high,3291.0,6.0,31.172270356842898,0.0018231540565177
1115,client_a80fca3f171ed1de,content_ec90c8fa60848912,0.7490205855493985,refresh_priority,low_ctr,high,1425.0,2.0,1.786637522761392,0.0014035087719298
1116,client_23a62021009f63c4,content_2ece733501b77e05,0.7489959571003123,refresh_priority,weak_position|low_ctr,high,242.0,0.0,10.611766980582768,0.0
1117,client_86ebc2f12c01f586,content_697f4195a0a70980,0.7489906770277194,refresh_priority,low_ctr,high,4639.0,3.0,1.713642818497741,0.0006466910972192
1118,client_23a62021009f63c4,content_cd124dcd0c97249f,0.7489842864356117,refresh_priority,weak_position|low_ctr,high,3493.0,3.0,26.760658904242952,0.0008588605782994
1119,client_73cda7b4e4f265ea,content_2cabaad980cfda16,0.7489679077665989,refresh_priority,low_ctr,high,1659.0,0.0,7.128572792670905,0.0
1120,client_0fa64a184f18a4a0,content_fd20c32bc257b3bd,0.7489425897562619,refresh_priority,low_ctr,high,566.0,0.0,2.150258016241391,0.0
1121,client_a80fca3f171ed1de,content_54ae1d91df3fafe3,0.748932724426368,refresh_priority,weak_position|low_ctr,high,213.0,0.0,32.33970419676941,0.0
1122,client_20259bd6705d81d4,content_d835bf58b02a8f91,0.7489054038505965,refresh_priority,low_ctr,high,1179.0,1.0,2.8034298471601438,0.0008481764206955
1123,client_fef1a8f436438636,content_817474e5205cf224,0.7488773606349087,refresh_priority,weak_position|low_ctr,high,650.0,0.0,29.17348297428702,0.0
1124,client_62f4a7e64f5e0096,content_29c177aee8558c63,0.748868623581861,refresh_priority,low_ctr,high,1095.0,2.0,3.2699734422580966,0.0018264840182648
1125,client_62f4a7e64f5e0096,content_13ad9b0cb03c84a5,0.7488581203841442,refresh_priority,low_ctr,high,520.0,1.0,3.475437430404889,0.0019230769230769
1126,client_9958f0a7ae1df715,content_a03eecc6d436d9eb,0.7488567333098195,refresh_priority,low_ctr,high,519.0,0.0,8.983574588015161,0.0
1127,client_20259bd6705d81d4,content_7569ae4813062ae5,0.748826021738926,refresh_priority,low_ctr,high,209.0,0.0,8.942970455470457,0.0
1128,client_1a8bf67cad4ee525,content_ffadfbc50c12177e,0.7488216391878276,refresh_priority,weak_position|low_ctr,high,919.0,0.0,26.669333835388898,0.0
1129,client_73cda7b4e4f265ea,content_2c626f2194672025,0.748794460803769,refresh_priority,weak_position|low_ctr,high,1194.0,2.0,15.672563459291682,0.0016750418760469
1130,client_62f4a7e64f5e0096,content_2a6835a6fc193f20,0.7487829905958857,refresh_priority,low_ctr,high,445.0,0.0,2.155978753817605,0.0
1131,client_157ffe4d4a595515,content_ae76e5d3ff436759,0.7487352396803678,refresh_priority,low_ctr,high,101.0,0.0,8.405085243974133,0.0
1132,client_62f4a7e64f5e0096,content_bbb1c8620971fcb9,0.7486837646268886,refresh_priority,low_ctr,high,433.0,0.0,2.030538416125137,0.0
1133,client_62f4a7e64f5e0096,content_5c76a7de5ba4fb0e,0.7486837646268886,refresh_priority,low_ctr,high,432.0,0.0,2.089767236806493,0.0
1134,client_157ffe4d4a595515,content_a58fef6e79960ab8,0.7486420138326506,refresh_priority,low_ctr,high,256.0,0.0,6.093506218151146,0.0
1135,client_20259bd6705d81d4,content_bd99f4f2cb75b263,0.7486272175607552,refresh_priority,low_ctr,high,2222.0,1.0,5.864145364988466,0.0004500450045004
1136,client_73cda7b4e4f265ea,content_e29a3c59e41108ea,0.7486194017264861,refresh_priority,weak_position|low_ctr,high,607.0,0.0,17.770258525110922,0.0
1137,client_9958f0a7ae1df715,content_278030b007943b07,0.7485936240304301,refresh_priority,weak_position|low_ctr,high,181.0,0.0,19.52847472322262,0.0
1138,client_0fa64a184f18a4a0,content_fc6bba862c78a995,0.7485916992760928,refresh_priority,low_ctr,high,618.0,0.0,2.0351429543353103,0.0
1139,client_73cda7b4e4f265ea,content_2082944a1da5d16d,0.7485595572543796,refresh_priority,low_ctr,high,436.0,0.0,7.024976917933574,0.0
1140,client_73cda7b4e4f265ea,content_1427c7d94b6f735a,0.7485469582606328,refresh_priority,weak_position|low_ctr,high,3324.0,3.0,13.808537529459551,0.0009025270758122
1141,client_9958f0a7ae1df715,content_42cc5eb83bf29242,0.7485356263469478,refresh_priority,weak_position|low_ctr,high,134.0,0.0,32.02270114942529,0.0
1142,client_73cda7b4e4f265ea,content_08ff20071a913b8d,0.7485288362196477,refresh_priority,low_ctr,high,556.0,1.0,2.5725030806363387,0.0017985611510791
1143,client_73cda7b4e4f265ea,content_196b01a6489891ca,0.7485195381279811,refresh_priority,low_ctr,high,1911.0,3.0,8.635767172481874,0.0015698587127158
1144,client_62f4a7e64f5e0096,content_1648f0ff58dbdd54,0.7484969473270763,refresh_priority,low_ctr,high,410.0,0.0,2.024407260586389,0.0
1145,client_20259bd6705d81d4,content_7951e40c4b9e5b31,0.7484930002305303,refresh_priority,low_ctr,high,1082.0,2.0,3.325360632789746,0.0018484288354898
1146,client_86ebc2f12c01f586,content_83bd462e7ce9e218,0.748473041626836,refresh_priority,low_ctr,high,1420.0,0.0,2.4971500799828497,0.0
1147,client_23a62021009f63c4,content_7bd581a29eed7b3d,0.7484618420288457,refresh_priority,weak_position,high,1124.0,3.0,21.19739486088757,0.0026690391459074
1148,client_23a62021009f63c4,content_0d990a3c15a11ad6,0.7484562469142754,refresh_priority,weak_position|low_ctr,high,1138.0,2.0,32.256120201195735,0.0017574692442882
1149,client_23a62021009f63c4,content_355f925ab93d37de,0.7484175200246488,refresh_priority,weak_position|low_ctr,high,2174.0,0.0,20.019572532495065,0.0
1150,client_1a8bf67cad4ee525,content_262e1509fe8f4977,0.7483911517797265,refresh_priority,low_ctr,high,400.0,0.0,1.8735574384335996,0.0
1151,client_157ffe4d4a595515,content_e5df0be7f104c35b,0.748386780225976,refresh_priority,low_ctr,high,529.0,0.0,6.373166765921329,0.0
1152,client_62f4a7e64f5e0096,content_2b2a3fffb4136d69,0.7483330832321923,refresh_priority,low_ctr,high,1324.0,0.0,2.5646488663411984,0.0
1153,client_23a62021009f63c4,content_7a0faed099f1f143,0.7483066188950156,refresh_priority,weak_position|low_ctr,high,7586.0,6.0,40.07678560868804,0.0007909306617453
1154,client_0fa64a184f18a4a0,content_bcca6bd31e8fbd21,0.7483045458854652,refresh_priority,low_ctr,high,382.0,0.0,1.820044146935628,0.0
1155,client_9958f0a7ae1df715,content_232aa83d13706e4b,0.748299391565342,refresh_priority,weak_position|low_ctr,high,330.0,0.0,36.554777041097935,0.0
1156,client_73cda7b4e4f265ea,content_8d71569a119c8601,0.7482367231573457,refresh_priority,weak_position|low_ctr,high,2291.0,5.0,12.380045115660849,0.0021824530772588
1157,client_62f4a7e64f5e0096,content_127fbf230e4c723f,0.7482178032801227,refresh_priority,low_ctr,high,458.0,1.0,3.2164863215435293,0.0021834061135371
1158,client_e5c2aa26a8598242,content_954131c46a82e3cc,0.7482046573157506,refresh_priority,weak_position|low_ctr,high,4170.0,3.0,25.064406790183043,0.0007194244604316
1159,client_23a62021009f63c4,content_5abff99defb503d7,0.7481728470694887,refresh_priority,weak_position|low_ctr,high,3538.0,8.0,41.60318069071865,0.0022611644997173
1160,client_23a62021009f63c4,content_066bb7aeff9aeea8,0.7481702538950444,refresh_priority,weak_position|low_ctr,high,797.0,0.0,45.59130602145797,0.0
1161,client_62f4a7e64f5e0096,content_f27bc19991a4a33a,0.7481596371472642,refresh_priority,low_ctr,high,1196.0,2.0,3.510087701977348,0.0016722408026755
1162,client_73cda7b4e4f265ea,content_1f4346944ef6159e,0.7481321434694819,refresh_priority,low_ctr,high,1581.0,0.0,2.0177904346230373,0.0
1163,client_0fa64a184f18a4a0,content_274ab3fbee34dbb3,0.7481269558922043,refresh_priority,low_ctr,high,1157.0,2.0,2.153882127723316,0.0017286084701815
1164,client_fef1a8f436438636,content_495f68807fd67729,0.7481085448621405,refresh_priority,weak_position|low_ctr,high,584.0,0.0,65.68764991473431,0.0
1165,client_3f0ce4d44fe94f3d,content_785fb35187df55c1,0.7480880939535424,refresh_priority,weak_position|low_ctr,high,1941.0,3.0,41.2098501392954,0.0015455950540958
1166,client_73cda7b4e4f265ea,content_75e812fcbc731e32,0.7480867018838228,refresh_priority,weak_position|low_ctr,high,612.0,0.0,10.655042369369225,0.0
1167,client_62f4a7e64f5e0096,content_b811b1270413e5ec,0.7480699397559913,refresh_priority,low_ctr,high,1072.0,2.0,3.1803827741529447,0.001865671641791
1168,client_9958f0a7ae1df715,content_9987be00b8c14a02,0.7480640741978569,refresh_priority,low_ctr,high,6723.0,6.0,8.52619350202486,0.000892458723784
1169,client_62f4a7e64f5e0096,content_c1ecd10560c01966,0.7480546903298196,refresh_priority,low_ctr,high,394.0,0.0,2.1546768182050524,0.0
1170,client_73cda7b4e4f265ea,content_dc6c0a88e19b230f,0.7480198785337682,refresh_priority,low_ctr,high,471.0,0.0,8.073330250331024,0.0
1171,client_73cda7b4e4f265ea,content_d656f069ba22c09e,0.7480175220371461,refresh_priority,weak_position|low_ctr,high,3745.0,6.0,10.11100119793246,0.0016021361815754
1172,client_73cda7b4e4f265ea,content_b3c6793855f31042,0.7480094029373566,refresh_priority,weak_position|low_ctr,high,190.0,0.0,64.54371821129887,0.0
1173,client_86ebc2f12c01f586,content_f16b0b9fadb6087b,0.7480060942819882,refresh_priority,low_ctr,high,570.0,0.0,2.534560981697943,0.0
1174,client_73cda7b4e4f265ea,content_72f06c295215b186,0.7479859048663454,refresh_priority,weak_position|low_ctr,high,1242.0,0.0,16.519901763266166,0.0
1175,client_73cda7b4e4f265ea,content_a0b4a4e8db8d71f7,0.7479662065327597,refresh_priority,low_ctr,high,3396.0,5.0,8.067380485890906,0.001472320376914
1176,client_a80fca3f171ed1de,content_f1ff798e65ca6b90,0.7479354047321854,refresh_priority,general_review,high,3305.0,9.0,8.12290925739819,0.0027231467473524
1177,client_23a62021009f63c4,content_3fbe3d946a6002c6,0.7478787894523904,refresh_priority,low_ctr,high,493.0,1.0,3.350463058513604,0.0020283975659229
1178,client_23a62021009f63c4,content_17be1d8156777ac3,0.7478703136002371,refresh_priority,weak_position|low_ctr,high,2170.0,3.0,33.32373217992471,0.0013824884792626
1179,client_23a62021009f63c4,content_2def3a59ce30da81,0.747865334031613,refresh_priority,weak_position|low_ctr,high,1971.0,4.0,37.56330134429951,0.0020294266869609
1180,client_62f4a7e64f5e0096,content_b72c8f5a3ac8b3b4,0.7478294489289438,refresh_priority,low_ctr,high,685.0,0.0,2.346128949488677,0.0
1181,client_86ebc2f12c01f586,content_f61b11ac240042a8,0.7478230047630222,refresh_priority,low_ctr,high,385.0,0.0,2.116944955634372,0.0
1182,client_e5c2aa26a8598242,content_b53e2d8dd3b4f25f,0.7477705745172302,refresh_priority,low_ctr,high,1379.0,3.0,9.99987553294061,0.0021754894851341
1183,client_0fa64a184f18a4a0,content_5ac77614a8ce4a81,0.7477650415847196,refresh_priority,low_ctr,high,427.0,1.0,2.686332200302452,0.0023419203747072
1184,client_86ebc2f12c01f586,content_48816d12176612e5,0.7477462285398982,refresh_priority,low_ctr,high,475.0,1.0,7.012504278558845,0.0021052631578947
1185,client_73cda7b4e4f265ea,content_c7774eedf1193f2f,0.7477445104626199,refresh_priority,weak_position|low_ctr,high,546.0,0.0,11.02925392302551,0.0
1186,client_a22068e339bf95f5,content_f23bf42073be76fb,0.7477374146783993,refresh_priority,low_ctr,high,301.0,0.0,5.745467275099628,0.0
1187,client_1a8bf67cad4ee525,content_0d7072adecdccca5,0.7476631433593608,refresh_priority,low_ctr,high,538.0,0.0,5.95764495868636,0.0
1188,client_73cda7b4e4f265ea,content_0e3cc159cbf22981,0.7476571641373944,refresh_priority,weak_position|low_ctr,high,242.0,0.0,66.16743318409985,0.0
1189,client_e5c2aa26a8598242,content_16843e41851d2966,0.7476470963028067,refresh_priority,weak_position|low_ctr,high,617.0,1.0,14.915891456922347,0.0016207455429497
1190,client_20259bd6705d81d4,content_081f2e54f621df61,0.7476470963028067,refresh_priority,weak_position|low_ctr,high,612.0,1.0,12.879758736459474,0.0016339869281045
1191,client_73cda7b4e4f265ea,content_5783c0212c9f3c5a,0.747643486756777,refresh_priority,weak_position|low_ctr,high,452.0,1.0,13.466308282806182,0.0022123893805309
1192,client_73cda7b4e4f265ea,content_ce471448c96e57a4,0.7476278879110648,refresh_priority,low_ctr,high,908.0,0.0,9.63256637572873,0.0
1193,client_23a62021009f63c4,content_ff4e78528c9eee49,0.7475717246857456,refresh_priority,weak_position|low_ctr,high,337.0,0.0,19.63242176124529,0.0
1194,client_86ebc2f12c01f586,content_2e2766ff36be6eba,0.7475339820956162,refresh_priority,low_ctr,high,899.0,1.0,2.7818973518659806,0.0011123470522803
1195,client_0fa64a184f18a4a0,content_e8020cb98c9908ea,0.7475339820956162,refresh_priority,low_ctr,high,966.0,1.0,2.8214642017524474,0.0010351966873706
1196,client_810019792c9b8efc,content_5bed5dacfb724dfd,0.7475269953552021,refresh_priority,weak_position,high,361.0,1.0,31.06791193667338,0.002770083102493
1197,client_62f4a7e64f5e0096,content_3705d3fe869704b1,0.7475088766293154,refresh_priority,low_ctr,high,662.0,1.0,3.587487580998675,0.0015105740181268
1198,client_73cda7b4e4f265ea,content_2824bded93b6928f,0.7475006567244352,refresh_priority,low_ctr,high,5260.0,7.0,7.443089981314012,0.0013307984790874
1199,client_86ebc2f12c01f586,content_0ba68ae1b023556d,0.7474966010212313,refresh_priority,low_ctr,high,507.0,0.0,2.419658986581974,0.0
1200,client_62f4a7e64f5e0096,content_6f06fec6f0f13c07,0.7474966010212313,refresh_priority,low_ctr,high,568.0,0.0,2.395688188354855,0.0
1201,client_62f4a7e64f5e0096,content_4ef33bd0be8cc3bc,0.7474966010212313,refresh_priority,low_ctr,high,449.0,0.0,2.426492296689665,0.0
1202,client_62f4a7e64f5e0096,content_f7d5b0c8a105ce99,0.7474966010212313,refresh_priority,low_ctr,high,458.0,0.0,2.332060613086828,0.0
1203,client_62f4a7e64f5e0096,content_9887896d83094935,0.7474966010212313,refresh_priority,low_ctr,high,504.0,0.0,2.501231352406926,0.0
1204,client_62f4a7e64f5e0096,content_3b202c1bb87c5b0a,0.7474966010212313,refresh_priority,low_ctr,high,462.0,0.0,2.3330199722304985,0.0
1205,client_86ebc2f12c01f586,content_d6631fbabca8559e,0.7474964439691371,refresh_priority,low_ctr,high,1187.0,2.0,2.24282359304759,0.0016849199663016
1206,client_23a62021009f63c4,content_a05badf6ec0aae6d,0.7474873718753462,refresh_priority,weak_position|low_ctr,high,2811.0,3.0,23.24219734383716,0.0010672358591248
1207,client_1a8bf67cad4ee525,content_4ec90587b415f40d,0.7474536923583619,refresh_priority,low_ctr,high,831.0,0.0,9.961434401660831,0.0
1208,client_23a62021009f63c4,content_abf7d9582c8d7390,0.7474527954582881,refresh_priority,weak_position|low_ctr,high,505.0,0.0,21.257708852281333,0.0
1209,client_73cda7b4e4f265ea,content_581230edf26b85f1,0.7474527954582881,refresh_priority,weak_position|low_ctr,high,720.0,0.0,21.333595163084944,0.0
1210,client_73cda7b4e4f265ea,content_345beb15e00e5bc0,0.747435355586731,refresh_priority,weak_position|low_ctr,high,598.0,0.0,32.037499088157126,0.0
1211,client_23a62021009f63c4,content_0080084a804f2204,0.7474200718088376,refresh_priority,weak_position|low_ctr,high,4680.0,3.0,41.56188405011949,0.0006410256410256
1212,client_e547b89c05043229,content_4252df5570c86fb4,0.7474194393668958,refresh_priority,weak_position|low_ctr,high,1656.0,1.0,25.02093502700152,0.0006038647342995
1213,client_810019792c9b8efc,content_55894517451f3d77,0.7474149061944048,refresh_priority,general_review,high,999.0,4.0,9.960887771372954,0.004004004004004
1214,client_62f4a7e64f5e0096,content_6661f2701af420f1,0.7474073130983112,refresh_priority,low_ctr,high,371.0,0.0,2.0179676804676805,0.0
1215,client_62f4a7e64f5e0096,content_a796913435b17467,0.7473918855023273,refresh_priority,low_ctr,high,354.0,0.0,1.6354980912333852,0.0
1216,client_73cda7b4e4f265ea,content_a6397eeb1d42e7a6,0.7473840228300915,refresh_priority,low_ctr,high,412.0,0.0,9.696432834594596,0.0
1217,client_a80fca3f171ed1de,content_77379b5be3adff90,0.7473741707377756,refresh_priority,weak_position|low_ctr,high,863.0,0.0,54.576202440202685,0.0
1218,client_20259bd6705d81d4,content_dc8cbe5fecf7f305,0.7473681526807265,refresh_priority,low_ctr,high,352.0,0.0,5.7240680482514845,0.0
1219,client_fef1a8f436438636,content_7271ea91156ea12e,0.7473674976892869,refresh_priority,low_ctr,high,1886.0,3.0,9.390794210608252,0.0015906680805938
1220,client_62f4a7e64f5e0096,content_e68b707cf862e46f,0.747356468291474,refresh_priority,low_ctr,high,2076.0,4.0,2.954618724829457,0.001926782273603
1221,client_23a62021009f63c4,content_1e49160257b134c3,0.7473477361220049,refresh_priority,weak_position|low_ctr,high,321.0,0.0,28.31013653013653,0.0
1222,client_23a62021009f63c4,content_823f5e5060ef811b,0.7473422805671774,refresh_priority,weak_position|low_ctr,high,105.0,0.0,29.84174603174603,0.0
1223,client_0fa64a184f18a4a0,content_2caa91bd064e5066,0.7473303496223375,refresh_priority,low_ctr,high,760.0,0.0,5.077600211232724,0.0
1224,client_810019792c9b8efc,content_d046baa6ee75fedb,0.7473238958311148,refresh_priority,general_review,high,683.0,3.0,4.389050780920536,0.0043923865300146
1225,client_73cda7b4e4f265ea,content_813f7a5a52c678a9,0.7473220902625367,refresh_priority,weak_position|low_ctr,high,1167.0,0.0,15.190132545647469,0.0
1226,client_a80fca3f171ed1de,content_06fb80f2f14fa7af,0.7473204348410616,refresh_priority,weak_position|low_ctr,high,392.0,0.0,12.496852567367274,0.0
1227,client_86ebc2f12c01f586,content_2b1e35c75d3e1fc2,0.7472846267533547,refresh_priority,low_ctr,high,3857.0,3.0,2.874736496544098,0.000777806585429
1228,client_73cda7b4e4f265ea,content_b72e514b4f698066,0.7472815278619964,refresh_priority,weak_position|low_ctr,high,1250.0,1.0,50.40790920914849,0.0008
1229,client_e5c2aa26a8598242,content_607f4d6478b74873,0.7472568380217086,refresh_priority,weak_position|low_ctr,high,1285.0,1.0,13.61821418035684,0.0007782101167315
1230,client_73cda7b4e4f265ea,content_befab8af0fc20b0e,0.7472424482008436,refresh_priority,general_review,high,1119.0,4.0,5.295544091497501,0.0035746201966041
1231,client_73cda7b4e4f265ea,content_1accce8c91b4e23a,0.7472405904677935,refresh_priority,weak_position|low_ctr,high,625.0,0.0,36.80661001600788,0.0
1232,client_73cda7b4e4f265ea,content_7ec99435a5e5a0bc,0.7472359356185018,refresh_priority,low_ctr,high,2085.0,2.0,2.364973732663051,0.0009592326139088
1233,client_fef1a8f436438636,content_3cd305a31947d52a,0.7472317434751868,refresh_priority,weak_position|low_ctr,high,285.0,0.0,53.8431374470616,0.0
1234,client_23a62021009f63c4,content_a049a11d130519f5,0.7472108465912872,refresh_priority,weak_position|low_ctr,high,1723.0,0.0,16.519376656442,0.0
1235,client_86ebc2f12c01f586,content_294873b1e59adbd2,0.7471788607716899,refresh_priority,low_ctr,high,1355.0,2.0,2.0000722849422456,0.0014760147601476
1236,client_73cda7b4e4f265ea,content_97d1ab283e6159ed,0.7471784043039783,refresh_priority,weak_position,high,690.0,3.0,20.9992064808788,0.0043478260869565
1237,client_86ebc2f12c01f586,content_6db89abaf7a38cd2,0.7471457105410622,refresh_priority,low_ctr,high,673.0,0.0,2.300208109680375,0.0
1238,client_73cda7b4e4f265ea,content_fdc74a1411540926,0.7471445374824731,refresh_priority,weak_position|low_ctr,high,967.0,0.0,28.3701972588903,0.0
1239,client_23a62021009f63c4,content_541dad00cab28bc8,0.7471317407735412,refresh_priority,weak_position|low_ctr,high,256.0,0.0,11.4131956006956,0.0
1240,client_fef1a8f436438636,content_9d8f80a17a88eb42,0.7471056376378907,refresh_priority,weak_position|low_ctr,high,163.0,0.0,24.705151888341547,0.0
1241,client_23a62021009f63c4,content_1a6829521ffd794a,0.7470925976895363,refresh_priority,weak_position|low_ctr,high,9904.0,12.0,52.66261180733048,0.0012116316639741
1242,client_23a62021009f63c4,content_28cf84aad93a8ca4,0.7470897865469514,refresh_priority,weak_position|low_ctr,high,1067.0,1.0,35.60346709329297,0.0009372071227741
1243,client_a22068e339bf95f5,content_5a3f99346ddd8b4f,0.7470830356597307,refresh_priority,low_ctr,high,295.0,0.0,3.377136130696503,0.0
1244,client_a22068e339bf95f5,content_99663ad2028dd8bc,0.747079251421744,refresh_priority,low_ctr,high,537.0,0.0,4.680804516552773,0.0
1245,client_73cda7b4e4f265ea,content_0f834feff65ac912,0.7470776377901299,refresh_priority,weak_position|low_ctr,high,348.0,0.0,12.335193708919515,0.0
1246,client_23a62021009f63c4,content_b09ae6f24b8084ef,0.7470640885705978,refresh_priority,weak_position|low_ctr,high,9824.0,9.0,28.194669591381533,0.0009161237785016
1247,client_23a62021009f63c4,content_d01fb7749e794b2e,0.7470614634916845,refresh_priority,low_ctr,high,4080.0,7.0,7.908015709403096,0.0017156862745098
1248,client_23a62021009f63c4,content_828baf5f39d22f6a,0.7470548893670991,refresh_priority,weak_position|low_ctr,high,1075.0,0.0,15.895461278336606,0.0
1249,client_157ffe4d4a595515,content_84931ce0b684bcdf,0.7470543538252455,refresh_priority,low_ctr,high,303.0,0.0,5.653541028115332,0.0
1250,client_62f4a7e64f5e0096,content_4b59603dc4f2a181,0.7470509585920458,refresh_priority,low_ctr,high,419.0,0.0,2.3817565032830688,0.0
1251,client_0fa64a184f18a4a0,content_ce700a8b0edd51be,0.7469980420729869,refresh_priority,low_ctr,high,1088.0,2.0,2.046300175623702,0.0018382352941176
1252,client_23a62021009f63c4,content_2de9a39d3482a269,0.7469781005573415,refresh_priority,weak_position|low_ctr,high,9326.0,7.0,54.66615373492315,0.0007505897490885
1253,client_23a62021009f63c4,content_94b43f9ce1f08445,0.7469753690818494,refresh_priority,weak_position|low_ctr,high,3970.0,9.0,28.78405565089809,0.0022670025188916
1254,client_fef1a8f436438636,content_7ede63bf38442bd4,0.7469528011010963,refresh_priority,weak_position|low_ctr,high,295.0,0.0,22.581075591075592,0.0
1255,client_23a62021009f63c4,content_04f858500cbfd7e8,0.746921975996116,refresh_priority,weak_position|low_ctr,high,176.0,0.0,15.20073953823954,0.0
1256,client_86ebc2f12c01f586,content_b40f3fe1fd940c90,0.7469126680061283,refresh_priority,low_ctr,high,426.0,1.0,2.7713078564282703,0.0023474178403755
1257,client_810019792c9b8efc,content_4e6232394bbdeb83,0.7468281019270985,refresh_priority,low_visibility_monitor_only,high,81.0,0.0,8.301940035273368,0.0
1258,client_23a62021009f63c4,content_3e35bad25a8a3956,0.746811479581618,refresh_priority,weak_position|low_ctr,high,251.0,0.0,37.14252790346907,0.0
1259,client_1a8bf67cad4ee525,content_1d1233c3655289ba,0.7468018587265906,refresh_priority,weak_position|low_ctr,high,1273.0,0.0,27.626853166741306,0.0
1260,client_fef1a8f436438636,content_057f87ab7b2d1e70,0.746771485915203,refresh_priority,weak_position|low_ctr,high,174.0,0.0,18.37593537414966,0.0
1261,client_73cda7b4e4f265ea,content_9942e36d4650b79b,0.7467693152346995,refresh_priority,low_visibility_monitor_only,high,86.0,0.0,27.64807692307693,0.0
1262,client_fef1a8f436438636,content_d3040c321c26e91f,0.7467659735145925,refresh_priority,weak_position|low_ctr,high,350.0,0.0,43.42317234721327,0.0
1263,client_1a8bf67cad4ee525,content_6b5ebe4fd9c93ce2,0.7467657844664088,refresh_priority,low_ctr,high,3491.0,7.0,9.721384627108405,0.0020051561157261
1264,client_1a730cb2640a1abf,content_3ff14965f21fb833,0.7467415750622581,refresh_priority,weak_position|low_ctr,high,1294.0,1.0,12.693439196451711,0.0007727975270479
1265,client_73cda7b4e4f265ea,content_d8826b766d611189,0.746736429592994,refresh_priority,low_ctr,high,2472.0,5.0,4.908135112213025,0.0020226537216828
1266,client_23a62021009f63c4,content_c8f45a7c2aa71cd9,0.7467278519027284,refresh_priority,weak_position|low_ctr,high,426.0,1.0,10.7923109862772,0.0023474178403755
1267,client_73cda7b4e4f265ea,content_5afcab8499650f81,0.7466965119548985,refresh_priority,low_ctr,high,649.0,0.0,9.535478187111089,0.0
1268,client_86ebc2f12c01f586,content_939984807b10fac8,0.7466947208805425,refresh_priority,low_ctr,high,4113.0,3.0,2.484968308184297,0.0007293946024799
1269,client_23a62021009f63c4,content_227fc629c1f035b4,0.7466621651538068,refresh_priority,weak_position|low_ctr,high,1908.0,1.0,30.26961837227727,0.000524109014675
1270,client_73cda7b4e4f265ea,content_a488c83e50c9367a,0.7466317805424983,refresh_priority,weak_position,high,1097.0,3.0,14.681744394809478,0.0027347310847766
1271,client_fef1a8f436438636,content_94b20c7bb784f712,0.7466119039353274,refresh_priority,weak_position|low_ctr,high,540.0,1.0,17.148885670337222,0.0018518518518518
1272,client_73cda7b4e4f265ea,content_e1f10d869ebf4f9a,0.7466037552376683,refresh_priority,low_ctr,high,2975.0,2.0,2.224987709646001,0.000672268907563
1273,client_fef1a8f436438636,content_5e94df6dee08dc0d,0.7465818946720534,refresh_priority,weak_position|low_ctr,high,175.0,0.0,26.57055675805676,0.0
1274,client_62f4a7e64f5e0096,content_b0bb292c73011c48,0.7465666360024149,refresh_priority,low_ctr,high,337.0,0.0,1.9973802939979413,0.0
1275,client_62f4a7e64f5e0096,content_c6d71b568e4f9e14,0.7465666360024149,refresh_priority,low_ctr,high,341.0,0.0,1.8835061915208973,0.0
1276,client_62f4a7e64f5e0096,content_1743e75a0547cd31,0.7465666360024149,refresh_priority,low_ctr,high,303.0,0.0,2.128118686868687,0.0
1277,client_0fa64a184f18a4a0,content_5d23dc2a99df7d3c,0.7465666360024149,refresh_priority,low_ctr,high,289.0,0.0,1.923605977355977,0.0
1278,client_62f4a7e64f5e0096,content_a41f0b3929fe64b3,0.7465113041739554,refresh_priority,low_ctr,high,1208.0,2.0,3.558190825459996,0.0016556291390728
1279,client_73cda7b4e4f265ea,content_468b7b108ed6dfad,0.7465005117940694,refresh_priority,weak_position|low_ctr,high,1210.0,2.0,25.00125197858394,0.0016528925619834
1280,client_62f4a7e64f5e0096,content_749ed90822d8b90b,0.7464636413993191,refresh_priority,low_ctr,high,935.0,2.0,3.059063983724246,0.002139037433155
1281,client_62f4a7e64f5e0096,content_071e7720e1222a45,0.7464597909785704,refresh_priority,low_ctr,high,277.0,0.0,1.5030464916920026,0.0
1282,client_73cda7b4e4f265ea,content_0e73f48d8629af52,0.746403769234406,refresh_priority,weak_position|low_ctr,high,1628.0,4.0,11.985946085253367,0.0024570024570024
1283,client_62f4a7e64f5e0096,content_4ae4b55b95052d74,0.7463825577865751,refresh_priority,low_ctr,high,857.0,0.0,2.6816977151882715,0.0
1284,client_62f4a7e64f5e0096,content_f99e3f549cc81345,0.7463825577865751,refresh_priority,low_ctr,high,1310.0,0.0,2.746115147542422,0.0
1285,client_62f4a7e64f5e0096,content_dfe9c785052b8058,0.7463825577865751,refresh_priority,low_ctr,high,1265.0,0.0,2.7110077936261896,0.0
1286,client_0fa64a184f18a4a0,content_1f6539eb329f2211,0.7463770160279918,refresh_priority,low_ctr,high,386.0,0.0,2.391530999864333,0.0
1287,client_62f4a7e64f5e0096,content_6a28ce99c3e9f2df,0.7463658546994976,refresh_priority,low_ctr,high,506.0,1.0,3.5283550744509826,0.0019762845849802
1288,client_157ffe4d4a595515,content_a74c5578bb127358,0.746350865700479,refresh_priority,low_ctr,high,303.0,0.0,6.5147761960261965,0.0
1289,client_810019792c9b8efc,content_c75ef57cced507e9,0.7463501669606836,refresh_priority,weak_position|low_ctr,high,698.0,1.0,21.28220261990973,0.0014326647564469
1290,client_9958f0a7ae1df715,content_bbaf05088acf3c90,0.7463445513026807,refresh_priority,weak_position|low_ctr,high,137.0,0.0,24.67073640645069,0.0
1291,client_73cda7b4e4f265ea,content_2a8a6aff452e2701,0.746335955327421,refresh_priority,weak_position|low_ctr,high,1476.0,0.0,10.19729975404279,0.0
1292,client_0fa64a184f18a4a0,content_d257f4d1a71f5424,0.7463010704589239,refresh_priority,low_ctr,high,546.0,1.0,6.900708736278151,0.0018315018315018
1293,client_9958f0a7ae1df715,content_cf6a0b7735548e0c,0.7462993684112315,refresh_priority,weak_position|low_ctr,high,182.0,0.0,66.87287999037999,0.0
1294,client_e547b89c05043229,content_0b43956a904ba791,0.7462733396871619,refresh_priority,weak_position|low_ctr,high,2053.0,3.0,14.078332148324847,0.0014612761811982
1295,client_73cda7b4e4f265ea,content_6a59e2da021a7ff5,0.7462701465073717,refresh_priority,low_ctr,high,5967.0,4.0,8.804527247901552,0.00067035361153
1296,client_3197e6291363b4db,content_1a2d4d28dc537576,0.7462649335993188,refresh_priority,weak_position|low_ctr,high,359.0,0.0,71.72162551873079,0.0
1297,client_73cda7b4e4f265ea,content_499c5ab71d3828de,0.7462555260954095,refresh_priority,weak_position|low_ctr,high,957.0,1.0,18.181360845339825,0.0010449320794148
1298,client_73cda7b4e4f265ea,content_180fd82b5d4762db,0.7462445894803393,refresh_priority,weak_position|low_ctr,high,520.0,0.0,14.844612160162404,0.0
1299,client_fef1a8f436438636,content_6db071e779d72bfc,0.7462419722079673,refresh_priority,weak_position|low_ctr,high,498.0,0.0,21.163886740360805,0.0
1300,client_23a62021009f63c4,content_70b43ccfdafe364d,0.7462250461323802,refresh_priority,weak_position|low_ctr,high,1656.0,4.0,21.81161615285644,0.002415458937198
1301,client_fef1a8f436438636,content_e6679f1b7c991381,0.7461926766244825,refresh_priority,weak_position|low_ctr,high,1599.0,3.0,11.582436393784898,0.0018761726078799
1302,client_62f4a7e64f5e0096,content_edd8acaa1574927d,0.7461771861775406,refresh_priority,low_ctr,high,413.0,1.0,1.8007384966503963,0.0024213075060532
1303,client_23a62021009f63c4,content_155b0e307f8ad36b,0.7461539275539405,refresh_priority,weak_position|low_ctr,high,3940.0,8.0,22.203153137223783,0.0020304568527918
1304,client_fef1a8f436438636,content_2218ddc73ff1eb66,0.7461505005198577,refresh_priority,low_ctr,high,557.0,1.0,8.721919276958642,0.0017953321364452
1305,client_73cda7b4e4f265ea,content_50158d74045589c1,0.7461256976929797,refresh_priority,low_ctr,high,907.0,1.0,6.69545359047626,0.0011025358324145
1306,client_0fa64a184f18a4a0,content_0088dbdcace44e41,0.7461235139736085,refresh_priority,low_ctr,high,657.0,0.0,2.8881100328958835,0.0
1307,client_62f4a7e64f5e0096,content_67f37352b4ee6ccb,0.7461235139736085,refresh_priority,low_ctr,high,737.0,0.0,2.8403428564501083,0.0
1308,client_23a62021009f63c4,content_3aebd95e1b312dad,0.7460892915029234,refresh_priority,weak_position|low_ctr,high,144.0,0.0,12.358849206349207,0.0
1309,client_62f4a7e64f5e0096,content_574485ad34db502c,0.7460780276811616,refresh_priority,low_ctr,high,273.0,0.0,2.229702750952751,0.0
1310,client_23a62021009f63c4,content_e7842b8465823f63,0.7460498032814178,refresh_priority,weak_position|low_ctr,high,676.0,0.0,25.74453386480859,0.0
1311,client_73cda7b4e4f265ea,content_f0a152b20a8fdd51,0.7460185862864964,refresh_priority,weak_position|low_ctr,high,1103.0,2.0,17.019398407280057,0.0018132366273798
1312,client_73cda7b4e4f265ea,content_b60069b3ed09d048,0.7460079832198736,refresh_priority,weak_position|low_ctr,high,1750.0,1.0,21.280443701968995,0.0005714285714285
1313,client_9958f0a7ae1df715,content_4eeb22babfa13cd7,0.7459988882304344,refresh_priority,weak_position|low_ctr,high,497.0,1.0,12.351635913139942,0.0020120724346076
1314,client_23a62021009f63c4,content_e725b1a2a1309458,0.7459903204509776,refresh_priority,weak_position|low_ctr,high,484.0,0.0,23.214129068729687,0.0
1315,client_9958f0a7ae1df715,content_8cbf5d58fe031d1b,0.7459877187788794,refresh_priority,weak_position|low_ctr,high,120.0,0.0,28.68573463573464,0.0
1316,client_0fa64a184f18a4a0,content_c3e3979b99472585,0.7459613243632807,refresh_priority,low_ctr,high,371.0,0.0,2.502950336700337,0.0
1317,client_23a62021009f63c4,content_557d866eb5196397,0.7459047950240688,refresh_priority,weak_position|low_ctr,high,1215.0,1.0,14.799088744204353,0.0008230452674897
1318,client_fef1a8f436438636,content_dcee9b5d8f75ca55,0.7459011893016468,refresh_priority,weak_position|low_ctr,high,1994.0,3.0,18.234340264592685,0.0015045135406218
1319,client_73cda7b4e4f265ea,content_1a836a259d39b0f8,0.7458973487121537,refresh_priority,weak_position|low_ctr,high,1184.0,1.0,33.21228552163446,0.0008445945945945
1320,client_73cda7b4e4f265ea,content_7985ef88c8e42bdd,0.7458815104085242,refresh_priority,weak_position|low_ctr,high,641.0,0.0,10.680450157672588,0.0
1321,client_73cda7b4e4f265ea,content_15c98d87cb9eef90,0.7458815104085242,refresh_priority,low_ctr,high,617.0,0.0,9.889948215267887,0.0
1322,client_9958f0a7ae1df715,content_6ac58dc72192030e,0.7458806911053062,refresh_priority,weak_position|low_ctr,high,233.0,0.0,56.06006012506012,0.0
1323,client_20259bd6705d81d4,content_899e57ba66287362,0.7458617301842418,refresh_priority,weak_position|low_ctr,high,321.0,0.0,35.53261696636697,0.0
1324,client_73cda7b4e4f265ea,content_0e5fcbcfedccb5ba,0.745849626594074,refresh_priority,weak_position|low_ctr,high,514.0,0.0,11.63680035623855,0.0
1325,client_9958f0a7ae1df715,content_4610ff6b79a6fc56,0.745849626594074,refresh_priority,weak_position|low_ctr,high,663.0,0.0,11.50593371102246,0.0
1326,client_e547b89c05043229,content_5076c321976483d4,0.7458303340080259,refresh_priority,weak_position|low_ctr,high,722.0,0.0,29.02911826610629,0.0
1327,client_73cda7b4e4f265ea,content_d674b3cc8f3e91ed,0.745823162487487,refresh_priority,weak_position|low_ctr,high,1134.0,0.0,74.88121587477212,0.0
1328,client_73cda7b4e4f265ea,content_d4b70ac8b1cb712e,0.7458227062591103,refresh_priority,weak_position|low_ctr,high,208.0,0.0,41.56665343915344,0.0
1329,client_23a62021009f63c4,content_9506d19a8ff03cc8,0.7458065546112154,refresh_priority,low_ctr,high,535.0,1.0,2.5651768487842506,0.0018691588785046
1330,client_62f4a7e64f5e0096,content_8a8282019b95ae7f,0.7457906660658961,refresh_priority,low_ctr,high,537.0,0.0,2.879284803290521,0.0
1331,client_62f4a7e64f5e0096,content_62a7ba144d7ae270,0.7457906660658961,refresh_priority,low_ctr,high,584.0,0.0,2.7242476404813654,0.0
1332,client_0fa64a184f18a4a0,content_64091ad20a58bda9,0.7457906660658961,refresh_priority,low_ctr,high,491.0,0.0,2.590031491403196,0.0
1333,client_86ebc2f12c01f586,content_0896d1b566bc88f8,0.7457906660658961,refresh_priority,low_ctr,high,471.0,0.0,2.690671966894889,0.0
1334,client_62f4a7e64f5e0096,content_2186d1436f117417,0.7457906660658961,refresh_priority,low_ctr,high,495.0,0.0,2.612149829572205,0.0
1335,client_62f4a7e64f5e0096,content_f27979fc9cfbc8b3,0.7457906660658961,refresh_priority,low_ctr,high,515.0,0.0,2.823670902289564,0.0
1336,client_62f4a7e64f5e0096,content_06334a53c5d93731,0.7457906660658961,refresh_priority,low_ctr,high,555.0,0.0,2.788386644493883,0.0
1337,client_fef1a8f436438636,content_06a768d9de072120,0.745788928863406,refresh_priority,weak_position|low_ctr,high,467.0,0.0,15.478715904693662,0.0
1338,client_62f4a7e64f5e0096,content_1fec6764c0bdd314,0.7457821800527459,refresh_priority,low_ctr,high,251.0,0.0,1.5102565027565025,0.0
1339,client_810019792c9b8efc,content_8512b775deef35d1,0.7457801150889617,refresh_priority,weak_position|low_ctr,high,2301.0,6.0,17.258005212736474,0.0026075619295958
1340,client_73cda7b4e4f265ea,content_687dcdd32e404052,0.745737073891994,refresh_priority,low_ctr,high,160.0,0.0,7.193809643515525,0.0
1341,client_73cda7b4e4f265ea,content_1128e89026305c3d,0.7457332394478842,refresh_priority,low_ctr,high,3667.0,2.0,6.78673367847962,0.0005454049631851
1342,client_157ffe4d4a595515,content_46a0ba77902e2807,0.7457147205521694,refresh_priority,low_ctr,high,433.0,0.0,6.573011242512329,0.0
1343,client_0fa64a184f18a4a0,content_dd415587f4a00e17,0.7456487437466905,refresh_priority,low_ctr,high,438.0,1.0,2.454548564768806,0.002283105022831
1344,client_86ebc2f12c01f586,content_11c4ac3fdc2c2100,0.7456372694335611,refresh_priority,low_ctr,high,477.0,1.0,3.546763494312514,0.0020964360587002
1345,client_62f4a7e64f5e0096,content_7ad589261fdc7e0f,0.7456301405281412,refresh_priority,low_ctr,high,329.0,0.0,2.5309244224414504,0.0
1346,client_62f4a7e64f5e0096,content_9fee324d01887e57,0.7456224643828994,refresh_priority,low_ctr,high,2657.0,1.0,4.169203733683996,0.0003763643206624
1347,client_62f4a7e64f5e0096,content_8c8710f23e81e817,0.745615288993433,refresh_priority,low_ctr,high,807.0,2.0,1.763049912644604,0.0024783147459727
1348,client_73cda7b4e4f265ea,content_89bead396daae294,0.7456110926201989,refresh_priority,weak_position|low_ctr,high,1140.0,0.0,14.862251917196549,0.0
1349,client_73cda7b4e4f265ea,content_99bd4bfa5d52e833,0.745590792878364,refresh_priority,weak_position|low_ctr,high,1220.0,1.0,13.784084666246883,0.0008196721311475
1350,client_23a62021009f63c4,content_7c0175b190d7c6e7,0.7455770926207986,refresh_priority,low_ctr,high,685.0,1.0,2.7280304605970103,0.0014598540145985
1351,client_62f4a7e64f5e0096,content_ce49ea169bd84fe4,0.7455639261641192,refresh_priority,low_ctr,high,831.0,0.0,2.9770741820660525,0.0
1352,client_23a62021009f63c4,content_3606348e89907536,0.7455555143845416,refresh_priority,weak_position|low_ctr,high,903.0,2.0,28.120577259190608,0.0022148394241417
1353,client_86ebc2f12c01f586,content_e9e9c0df2789c727,0.7455540820519339,refresh_priority,low_ctr,high,1408.0,1.0,2.9547755694024653,0.0007102272727272
1354,client_73cda7b4e4f265ea,content_84bb7c06e5a03490,0.7455432806689948,refresh_priority,low_ctr,high,2293.0,3.0,6.458745165394987,0.0013083296990841
1355,client_73cda7b4e4f265ea,content_27e0448f12ef3f1f,0.745528088156021,refresh_priority,weak_position|low_ctr,high,387.0,1.0,15.546836504998272,0.0025839793281653
1356,client_62f4a7e64f5e0096,content_fcb2c196edcd6cc5,0.7455248770246997,refresh_priority,low_ctr,high,256.0,0.0,1.8969703062637848,0.0
1357,client_62f4a7e64f5e0096,content_031934b7a288cc11,0.7455248770246997,refresh_priority,low_ctr,high,256.0,0.0,1.8686963896669784,0.0
1358,client_73cda7b4e4f265ea,content_97e4642697c56177,0.7455239087591141,refresh_priority,weak_position|low_ctr,high,138.0,0.0,66.51873015873015,0.0
1359,client_1a730cb2640a1abf,content_f1fa1825697c9c03,0.7455228205492134,refresh_priority,low_ctr,high,1399.0,3.0,7.851434188390029,0.0021443888491779
1360,client_1a730cb2640a1abf,content_b5a348504bce867e,0.7455162119802923,refresh_priority,weak_position|low_ctr,high,844.0,1.0,28.37728612381925,0.0011848341232227
1361,client_23a62021009f63c4,content_34c0bb6f34bc79f6,0.7454946607216274,refresh_priority,low_ctr,high,105.0,0.0,4.520079365079366,0.0
1362,client_20259bd6705d81d4,content_daf332c325d6e9a8,0.7454906968093575,refresh_priority,low_ctr,high,24889.0,12.0,5.883679306957751,0.0004821407047289
1363,client_62f4a7e64f5e0096,content_ddf7617fb266c8b7,0.7454643556448538,refresh_priority,low_ctr,high,343.0,0.0,2.357454307095914,0.0
1364,client_20259bd6705d81d4,content_b3c7df3444c6c3b9,0.7454586714040013,refresh_priority,weak_position,high,1467.0,4.0,15.279902259146366,0.0027266530334014
1365,client_20259bd6705d81d4,content_5867f8c1a5d06aae,0.7454572180785057,refresh_priority,low_ctr,high,325.0,0.0,3.767444570107109,0.0
1366,client_62f4a7e64f5e0096,content_ddd45381559e00b4,0.7454491002107779,refresh_priority,low_ctr,high,478.0,0.0,2.9553427914918284,0.0
1367,client_86ebc2f12c01f586,content_6b311ca2902943ba,0.7454360798657343,refresh_priority,low_ctr,high,1294.0,3.0,2.791713856582774,0.0023183925811437
1368,client_23a62021009f63c4,content_c72d131e72a502bd,0.7454349486928765,refresh_priority,weak_position|low_ctr,high,2191.0,1.0,15.438216283938017,0.0004564125969876
1369,client_23a62021009f63c4,content_3d5539317734fdaa,0.7454332176194296,refresh_priority,weak_position|low_ctr,high,812.0,0.0,26.69501774548353,0.0
1370,client_62f4a7e64f5e0096,content_0f03852598422af5,0.7454184336287746,refresh_priority,low_ctr,high,208.0,0.0,1.4763747363747366,0.0
1371,client_e5c2aa26a8598242,content_98f392b73fff9031,0.7453728973167104,refresh_priority,general_review,high,2241.0,8.0,9.924786167036537,0.0035698348951361
1372,client_a80fca3f171ed1de,content_114491433c4561b0,0.7453512238713895,refresh_priority,low_ctr,high,498.0,1.0,2.7878083288997555,0.002008032128514
1373,client_62f4a7e64f5e0096,content_b68eb6f41a26e5ea,0.7453450236367105,refresh_priority,low_ctr,high,409.0,0.0,2.607488315423345,0.0
1374,client_0fa64a184f18a4a0,content_2d251e28bee227ab,0.7453450236367105,refresh_priority,low_ctr,high,411.0,0.0,2.6596490903985743,0.0
1375,client_73cda7b4e4f265ea,content_9810f967a9b51b84,0.7453313531502079,refresh_priority,weak_position|low_ctr,high,893.0,1.0,17.97779560268892,0.0011198208286674
1376,client_a80fca3f171ed1de,content_1c5d4349a11cba25,0.7453261289313164,refresh_priority,weak_position,high,2840.0,9.0,10.76550863085279,0.003169014084507
1377,client_73cda7b4e4f265ea,content_65f4bb05e5b874c8,0.7452929154065763,refresh_priority,weak_position|low_ctr,high,2673.0,3.0,14.450413788100636,0.0011223344556677
1378,client_86ebc2f12c01f586,content_3d8e9adec1caa9e5,0.7452836138560828,refresh_priority,low_ctr,high,635.0,0.0,2.694199366666965,0.0
1379,client_1a8bf67cad4ee525,content_7c2e2527a3fdb537,0.7452818785237688,refresh_priority,low_ctr,high,542.0,0.0,6.797221206676806,0.0
1380,client_73cda7b4e4f265ea,content_d5ff7ccb4c71293d,0.7452817763086609,refresh_priority,low_ctr,high,6163.0,11.0,6.991572126249638,0.0017848450429985
1381,client_73cda7b4e4f265ea,content_07757eb46305e13c,0.7452345643248893,refresh_priority,weak_position|low_ctr,high,631.0,0.0,11.952596018745082,0.0
1382,client_e5c2aa26a8598242,content_4956d35d62971f06,0.7452171102793624,refresh_priority,weak_position|low_ctr,high,1646.0,1.0,33.305165513435895,0.0006075334143377
1383,client_b10cb2997d0c7c86,content_2845a08a04272b7a,0.7452159952864903,refresh_priority,weak_position|low_ctr,high,125.0,0.0,21.03823198629962,0.0
1384,client_a22068e339bf95f5,content_1b2fbe2151755498,0.7452003323105268,refresh_priority,weak_position|low_ctr,high,413.0,0.0,11.602646335460427,0.0
1385,client_62f4a7e64f5e0096,content_a515e3a130209a58,0.7451984209925482,refresh_priority,low_ctr,high,2353.0,5.0,2.776938424267432,0.002124946876328
1386,client_73cda7b4e4f265ea,content_45e18057c78309c6,0.745197362438182,refresh_priority,weak_position|low_ctr,high,656.0,0.0,30.423419532507623,0.0
1387,client_62f4a7e64f5e0096,content_3880ae67dd195343,0.7451764684771498,refresh_priority,low_ctr,high,629.0,1.0,3.6818888398283223,0.0015898251192368
1388,client_23a62021009f63c4,content_f056e71450defc39,0.7451379928134096,refresh_priority,weak_position|low_ctr,high,1649.0,0.0,25.91080218602665,0.0
1389,client_62f4a7e64f5e0096,content_0df87f50b6a89a92,0.7451206472673843,refresh_priority,low_ctr,high,317.0,0.0,2.315771744196834,0.0
1390,client_62f4a7e64f5e0096,content_ecbec7bbe8dc7436,0.7451206472673843,refresh_priority,low_ctr,high,333.0,0.0,2.3007363725247973,0.0
1391,client_62f4a7e64f5e0096,content_0863236f88ac4ffd,0.7451206472673843,refresh_priority,low_ctr,high,285.0,0.0,2.38977571118825,0.0
1392,client_157ffe4d4a595515,content_a7b332d20a6a2380,0.745120462247299,refresh_priority,low_ctr,high,135.0,0.0,6.14670634920635,0.0
1393,client_86ebc2f12c01f586,content_0a208ea519278da3,0.7451147091993148,refresh_priority,low_ctr,high,790.0,1.0,3.062775691141481,0.0012658227848101
1394,client_73cda7b4e4f265ea,content_efdbcb74566c965c,0.7451110812119192,refresh_priority,low_ctr,high,212.0,0.0,1.4641249953749953,0.0
1395,client_e00b29e582949543,content_7753c0dfc12d8f68,0.7450837616852446,refresh_priority,low_ctr,high,1603.0,0.0,2.834280343070668,0.0
1396,client_23a62021009f63c4,content_2e698ab32f21b07c,0.7450730329940879,refresh_priority,low_ctr,high,3073.0,6.0,7.013882972178908,0.0019524894240156
1397,client_23a62021009f63c4,content_5b8fb7fefcfaa266,0.7450693513934475,refresh_priority,low_ctr,high,1006.0,1.0,4.228922722651772,0.0009940357852882
1398,client_73cda7b4e4f265ea,content_5380a4683a55db8c,0.7450689155849052,refresh_priority,weak_position|low_ctr,high,1219.0,0.0,11.338139891421012,0.0
1399,client_73cda7b4e4f265ea,content_0171c9a20716b676,0.7450667725684282,refresh_priority,weak_position|low_ctr,high,1538.0,1.0,40.410212488509295,0.0006501950585175
1400,client_1a730cb2640a1abf,content_c7a259cc31444fb9,0.745040261422279,refresh_priority,weak_position|low_ctr,high,1691.0,1.0,12.18497896513151,0.0005913660555884
1401,client_1a8bf67cad4ee525,content_15cd5b978ae8de8f,0.7450391262073718,refresh_priority,low_ctr,high,563.0,1.0,2.6262516519096666,0.0017761989342806
1402,client_0fa64a184f18a4a0,content_121fc2f867725520,0.7450366703313658,refresh_priority,low_ctr,high,210.0,0.0,2.250369592281357,0.0
1403,client_157ffe4d4a595515,content_c527ddffe74e2ee0,0.7450188595015912,refresh_priority,low_ctr,high,287.0,0.0,6.916301189101701,0.0
1404,client_73cda7b4e4f265ea,content_e3133537d80f3e5b,0.7450167212486658,refresh_priority,low_ctr,high,2213.0,0.0,9.009322802549336,0.0
1405,client_73cda7b4e4f265ea,content_489503abd8588733,0.745003606344365,refresh_priority,weak_position|low_ctr,high,332.0,0.0,40.4902347344014,0.0
1406,client_23a62021009f63c4,content_cbf1bcb25d2ff03b,0.74496403635048,refresh_priority,low_ctr,high,128.0,0.0,3.537380952380952,0.0
1407,client_62f4a7e64f5e0096,content_b519259a6a469469,0.744960032650205,refresh_priority,low_ctr,high,2471.0,0.0,3.166153954924825,0.0
1408,client_86ebc2f12c01f586,content_4dd51feb15305af2,0.744960032650205,refresh_priority,low_ctr,high,1308.0,0.0,3.1759801388425477,0.0
1409,client_62f4a7e64f5e0096,content_300244fa072efec3,0.7449307114039564,refresh_priority,low_ctr,high,783.0,0.0,3.057633896424568,0.0
1410,client_0fa64a184f18a4a0,content_e19c3d8242fbae94,0.7449307114039564,refresh_priority,low_ctr,high,668.0,0.0,3.0592608532753904,0.0
1411,client_62f4a7e64f5e0096,content_1fc97bca4af9358a,0.7449307114039564,refresh_priority,low_ctr,high,689.0,0.0,3.0992088872929795,0.0
1412,client_86ebc2f12c01f586,content_ff00980bed88b92b,0.7449307114039564,refresh_priority,low_ctr,high,758.0,0.0,3.1333134428873413,0.0
1413,client_62f4a7e64f5e0096,content_3158363f5000202c,0.7449294672121425,refresh_priority,low_ctr,high,801.0,2.0,1.816219957028416,0.0024968789013732
1414,client_a22068e339bf95f5,content_56b6fee33810600a,0.7449222442859976,refresh_priority,low_ctr,high,556.0,0.0,7.337681498240321,0.0
1415,client_86ebc2f12c01f586,content_48c34f51ad36dc3e,0.7449135647926083,refresh_priority,low_ctr,high,830.0,1.0,4.842895343663562,0.0012048192771084
1416,client_a22068e339bf95f5,content_d1a3a7346f25f401,0.7448886828529637,refresh_priority,general_review,high,577.0,2.0,5.390995502562245,0.0034662045060658
1417,client_9958f0a7ae1df715,content_6fbbb63251718b30,0.7448830789572259,refresh_priority,low_ctr,high,707.0,1.0,8.410423583888495,0.0014144271570014
1418,client_73cda7b4e4f265ea,content_7baa41d7997e3423,0.7448776437995118,refresh_priority,low_ctr,high,487.0,0.0,9.323571000209515,0.0
1419,client_23a62021009f63c4,content_f3b529de4bc75d9e,0.7448715116666261,refresh_priority,weak_position|low_ctr,high,880.0,2.0,24.589031452531447,0.0022727272727272
1420,client_23a62021009f63c4,content_b78bcf4af8b9941a,0.7448560106835472,refresh_priority,low_ctr,high,1922.0,3.0,5.748719095894355,0.0015608740894901
1421,client_fef1a8f436438636,content_04e1861f32932cab,0.7448551710169792,refresh_priority,weak_position|low_ctr,high,490.0,0.0,29.24449441121365,0.0
1422,client_73cda7b4e4f265ea,content_e4b50931a157aa87,0.7448432258719151,refresh_priority,weak_position|low_ctr,high,1034.0,0.0,11.241315558339483,0.0
1423,client_0fa64a184f18a4a0,content_19c1e97c1839a45c,0.7448337188081496,refresh_priority,low_ctr,high,245.0,0.0,2.191144688644689,0.0
1424,client_62f4a7e64f5e0096,content_8bef30381fbd4af8,0.7448062209812238,refresh_priority,low_ctr,high,4506.0,10.0,2.295777654049844,0.002219263204616
1425,client_73cda7b4e4f265ea,content_6b514fabb84f5257,0.7448002460495858,refresh_priority,weak_position|low_ctr,high,575.0,0.0,27.019829867198776,0.0
1426,client_23a62021009f63c4,content_eb6fd900436da71a,0.7448002138044322,refresh_priority,weak_position|low_ctr,high,119.0,0.0,13.485462962962965,0.0
1427,client_73cda7b4e4f265ea,content_5a99c72d497d8961,0.7447818323266464,refresh_priority,weak_position|low_ctr,high,824.0,0.0,44.39519430192699,0.0
1428,client_73cda7b4e4f265ea,content_8f042137c1015cb9,0.7447799183142008,refresh_priority,weak_position|low_ctr,high,1867.0,1.0,25.356021576219813,0.0005356186395286
1429,client_e547b89c05043229,content_c238e676bbb4b75b,0.7447288895247833,refresh_priority,weak_position|low_ctr,high,131.0,0.0,14.764490231990232,0.0
1430,client_73cda7b4e4f265ea,content_85f686b472e77c28,0.7447156642916563,refresh_priority,low_ctr,high,12074.0,8.0,6.659183421454354,0.0006625807520291
1431,client_62f4a7e64f5e0096,content_989f3d2043dae0ea,0.7447124266127872,refresh_priority,low_ctr,high,809.0,0.0,3.2046885432751244,0.0
1432,client_62f4a7e64f5e0096,content_8ae1c4e470731e50,0.7447093006001272,refresh_priority,low_ctr,high,426.0,1.0,3.0776001648563565,0.0023474178403755
1433,client_08a6a72ff48e62c0,content_773926eb057e7e3c,0.7447045421026081,refresh_priority,low_ctr,high,1489.0,1.0,4.250865281755798,0.0006715916722632
1434,client_73cda7b4e4f265ea,content_e1402ac1b162443f,0.7447021744275891,refresh_priority,weak_position|low_ctr,high,595.0,0.0,57.62125817384326,0.0
1435,client_62f4a7e64f5e0096,content_776dbca0b3a035a1,0.7447009888372383,refresh_priority,low_ctr,high,684.0,0.0,3.1669130839127484,0.0
1436,client_73cda7b4e4f265ea,content_30ab39f28d54b15f,0.744680190387632,refresh_priority,low_ctr,high,349.0,0.0,2.2860344285344287,0.0
1437,client_e547b89c05043229,content_3a058d19000a7754,0.7446742855304606,refresh_priority,weak_position|low_ctr,high,456.0,0.0,31.02318479616434,0.0
1438,client_0fa64a184f18a4a0,content_4051e507bf31842c,0.7446710810726564,refresh_priority,low_ctr,high,368.0,0.0,2.856944614027946,0.0
1439,client_62f4a7e64f5e0096,content_af2c8e7304fe5f9a,0.7446710810726564,refresh_priority,low_ctr,high,393.0,0.0,2.773374440149289,0.0
1440,client_e547b89c05043229,content_bbf4ea2014f61a68,0.7446632162005384,refresh_priority,weak_position|low_ctr,high,207.0,0.0,62.491689300551535,0.0
1441,client_73cda7b4e4f265ea,content_390f380e961b0045,0.7446628639867847,refresh_priority,weak_position|low_ctr,high,1781.0,1.0,12.326449660574951,0.0005614823133071
1442,client_0fa64a184f18a4a0,content_2cd992440b27266b,0.7446585839364858,refresh_priority,low_ctr,high,903.0,0.0,2.737141390613345,0.0
1443,client_73cda7b4e4f265ea,content_1576d08909df1bd7,0.7446193605630671,refresh_priority,weak_position|low_ctr,high,468.0,0.0,27.20016763339038,0.0
1444,client_810019792c9b8efc,content_dc1d9af3fcb4d176,0.7446066746690551,refresh_priority,low_ctr,high,4086.0,7.0,8.323439994053764,0.0017131669114047
1445,client_23a62021009f63c4,content_4f56764b7031fa79,0.7445861786465401,refresh_priority,weak_position|low_ctr,high,887.0,1.0,25.18448026214396,0.0011273957158962
1446,client_73cda7b4e4f265ea,content_a37376953afac8d2,0.7445788237554687,refresh_priority,weak_position|low_ctr,high,1646.0,0.0,10.526689517940076,0.0
1447,client_73cda7b4e4f265ea,content_2302b2db40b8188d,0.744561259214726,refresh_priority,weak_position|low_ctr,high,1513.0,0.0,15.471116674205437,0.0
1448,client_62f4a7e64f5e0096,content_562c8dd6243a469d,0.744557596427571,refresh_priority,low_ctr,high,3274.0,1.0,4.330063626482971,0.0003054367745876
1449,client_23a62021009f63c4,content_4a96566147ced926,0.7445166249174463,refresh_priority,weak_position|low_ctr,high,7056.0,11.0,16.41843481208216,0.0015589569160997
1450,client_62f4a7e64f5e0096,content_ae3922adc585701b,0.7445063138711357,refresh_priority,low_ctr,high,589.0,0.0,3.138443426476386,0.0
1451,client_62f4a7e64f5e0096,content_307525daee61f1ba,0.7444991937632005,refresh_priority,low_ctr,high,473.0,1.0,3.558972073603249,0.0021141649048625
1452,client_a22068e339bf95f5,content_ea34703ec62b33ac,0.7444969524901579,refresh_priority,low_ctr,high,3424.0,9.0,6.7822795032557925,0.0026285046728971
1453,client_73cda7b4e4f265ea,content_bd1fff35293db572,0.744480419394063,refresh_priority,weak_position|low_ctr,high,486.0,0.0,16.582432705295556,0.0
1454,client_86ebc2f12c01f586,content_94424904cb975540,0.7444570552224596,refresh_priority,low_ctr,high,433.0,0.0,3.120717472119254,0.0
1455,client_fef1a8f436438636,content_8ffd6854f5d54b87,0.7444451462167921,refresh_priority,weak_position,high,572.0,2.0,25.08383293308157,0.0034965034965034
1456,client_73cda7b4e4f265ea,content_39713d58047b231d,0.7444294598195664,refresh_priority,weak_position|low_ctr,high,328.0,0.0,14.871101638013402,0.0
1457,client_a80fca3f171ed1de,content_bb1296466818548c,0.7444220446766449,refresh_priority,weak_position|low_ctr,high,3871.0,9.0,14.524842523232598,0.0023249806251614
1458,client_62f4a7e64f5e0096,content_bba410e508c93a04,0.7444114114146887,refresh_priority,low_ctr,high,2079.0,5.0,1.8807754824982208,0.0024050024050024
1459,client_62f4a7e64f5e0096,content_1fdc2043168d0700,0.7443923027264531,refresh_priority,low_ctr,high,266.0,0.0,2.555525816775817,0.0
1460,client_73cda7b4e4f265ea,content_79c16da897807219,0.7443851336778576,refresh_priority,weak_position|low_ctr,high,686.0,1.0,35.62770772561422,0.0014577259475218
1461,client_86ebc2f12c01f586,content_5975c32ffbd665c9,0.7443774447575099,refresh_priority,low_ctr,high,609.0,1.0,2.78530198980284,0.0016420361247947
1462,client_62f4a7e64f5e0096,content_f173b813bb6afc3c,0.744368140929526,refresh_priority,low_ctr,high,583.0,0.0,3.158970979983148,0.0
1463,client_73cda7b4e4f265ea,content_63ad8405cd30697f,0.7443448710594471,refresh_priority,weak_position|low_ctr,high,318.0,0.0,10.94378908128908,0.0
1464,client_23a62021009f63c4,content_2ff4f5d769fa9739,0.7443321727397132,refresh_priority,weak_position|low_ctr,high,5018.0,9.0,37.29487504913776,0.0017935432443204
1465,client_62f4a7e64f5e0096,content_eaeb825a874ad604,0.744305706500244,refresh_priority,low_ctr,high,707.0,1.0,3.723441143332729,0.0014144271570014
1466,client_73cda7b4e4f265ea,content_a518c216badb0168,0.7442994373033378,refresh_priority,weak_position|low_ctr,high,313.0,0.0,12.129638966697792,0.0
1467,client_73cda7b4e4f265ea,content_5d8a039c00d78cda,0.7442987520672276,refresh_priority,weak_position|low_ctr,high,589.0,0.0,39.78227271799335,0.0
1468,client_23a62021009f63c4,content_d919bf9a115393ea,0.744298098799462,refresh_priority,weak_position|low_ctr,high,415.0,1.0,19.10366031530576,0.0024096385542168
1469,client_a80fca3f171ed1de,content_70490f307fc0dde0,0.7442702379226475,refresh_priority,low_ctr,high,424.0,0.0,3.017938305139529,0.0
1470,client_62f4a7e64f5e0096,content_d93d30eb454eb13b,0.7442657347299212,refresh_priority,low_ctr,high,2023.0,5.0,1.6445016734662476,0.0024715768660405
1471,client_23a62021009f63c4,content_9abbac27264c96e2,0.7442597795527472,refresh_priority,weak_position|low_ctr,high,453.0,0.0,38.92562646585117,0.0
1472,client_20259bd6705d81d4,content_691a70873bfa80e4,0.7442587078337178,refresh_priority,low_ctr,high,595.0,0.0,3.217653487648836,0.0
1473,client_62f4a7e64f5e0096,content_a33c88074bf43880,0.7442352725446526,refresh_priority,low_ctr,high,1248.0,1.0,4.237964336455252,0.000801282051282
1474,client_a80fca3f171ed1de,content_fad35ef8d29e7245,0.7442321665811702,refresh_priority,low_ctr,high,2028.0,3.0,9.009350771559458,0.0014792899408284
1475,client_86ebc2f12c01f586,content_ad5b94bbae3fbe6f,0.7442102745655499,refresh_priority,low_ctr,high,1806.0,2.0,2.7656590288353926,0.0011074197120708
1476,client_62f4a7e64f5e0096,content_3216c31f9b487811,0.7442098872757127,refresh_priority,low_ctr,high,786.0,1.0,3.9130050809438406,0.0012722646310432
1477,client_e5c2aa26a8598242,content_8d45858ecb7f00b6,0.7441915322970293,refresh_priority,weak_position|low_ctr,high,1489.0,1.0,19.500079777262183,0.0006715916722632
1478,client_20259bd6705d81d4,content_c354b52c42a2def8,0.7441854550816095,refresh_priority,low_ctr,high,382.0,0.0,2.8735453224092504,0.0
1479,client_e547b89c05043229,content_991f4d67ef5a212e,0.7441823330916242,refresh_priority,weak_position|low_ctr,high,425.0,0.0,40.29774259491417,0.0
1480,client_e5c2aa26a8598242,content_3a62a70b869351f6,0.7441745932951251,refresh_priority,low_ctr,high,1342.0,3.0,9.819836176984312,0.0022354694485842
1481,client_62f4a7e64f5e0096,content_749b498cce7d905a,0.7441741123542296,refresh_priority,low_ctr,high,358.0,0.0,2.778694232324263,0.0
1482,client_62f4a7e64f5e0096,content_8fdb028a8796aad7,0.7441741123542296,refresh_priority,low_ctr,high,348.0,0.0,2.726000028838264,0.0
1483,client_62f4a7e64f5e0096,content_e0991ce6602b3cc3,0.7441741123542296,refresh_priority,low_ctr,high,349.0,0.0,2.6701728826728823,0.0
1484,client_73cda7b4e4f265ea,content_3e25241b0955f9a8,0.7441740360790001,refresh_priority,weak_position|low_ctr,high,1536.0,0.0,11.451153463210424,0.0
1485,client_73cda7b4e4f265ea,content_dbc438861612f49f,0.7441736668129657,refresh_priority,weak_position|low_ctr,high,585.0,0.0,23.71375336450897,0.0
1486,client_0fa64a184f18a4a0,content_287d53cd5bca57ee,0.7441729133730743,refresh_priority,low_ctr,high,693.0,1.0,3.0495385442634904,0.0014430014430014
1487,client_73cda7b4e4f265ea,content_c42e4cb34f727d94,0.7441565668427353,refresh_priority,weak_position|low_ctr,high,1111.0,1.0,28.580850159723877,0.0009000900090009
1488,client_62f4a7e64f5e0096,content_6a2f0f6dc72a81e4,0.7441190341436178,refresh_priority,low_ctr,high,400.0,1.0,2.3136222256224834,0.0025
1489,client_62f4a7e64f5e0096,content_0de092bbe62ff961,0.744112742365253,refresh_priority,low_ctr,high,888.0,1.0,4.033021448948827,0.0011261261261261
1490,client_62f4a7e64f5e0096,content_3d320a35b6badbb5,0.7441064238912071,refresh_priority,low_ctr,high,402.0,1.0,2.4258732286518665,0.0024875621890547
1491,client_20259bd6705d81d4,content_ccd56ad341667c4c,0.7440964414870863,refresh_priority,weak_position|low_ctr,high,258.0,0.0,28.134065656565657,0.0
1492,client_a80fca3f171ed1de,content_d0ebcef838f9beeb,0.7440901958544619,refresh_priority,low_ctr,high,448.0,0.0,7.252574925074924,0.0
1493,client_23a62021009f63c4,content_61a40c25a44ae14e,0.7440779820691104,refresh_priority,weak_position|low_ctr,high,2977.0,2.0,33.60191563238563,0.0006718172657037
1494,client_62f4a7e64f5e0096,content_1742672c09eacacf,0.7440756503710624,refresh_priority,low_ctr,high,196.0,0.0,1.7672763347763345,0.0
1495,client_23a62021009f63c4,content_b6955955b0fde31e,0.7440710780646677,refresh_priority,low_ctr,high,673.0,1.0,2.299270270372765,0.0014858841010401
1496,client_23a62021009f63c4,content_25652d8fea4c0c08,0.7440667747753922,refresh_priority,weak_position|low_ctr,high,789.0,1.0,24.619108642004218,0.0012674271229404
1497,client_23a62021009f63c4,content_270e6ef14845d96a,0.7440642509724034,refresh_priority,weak_position|low_ctr,high,1400.0,1.0,28.11032103680397,0.0007142857142857
1498,client_08a6a72ff48e62c0,content_3facfee9ce1224e5,0.7440552025277603,refresh_priority,low_ctr,high,3331.0,1.0,4.720713514324633,0.0003002101471029
1499,client_73cda7b4e4f265ea,content_3c490f36f7a02fe5,0.7440201952590939,refresh_priority,low_ctr,high,363.0,0.0,7.044855259573397,0.0
1500,client_73cda7b4e4f265ea,content_df9d0e51b7e0970c,0.7440178043545318,refresh_priority,low_ctr,high,1039.0,0.0,8.641936154846938,0.0
1501,client_23a62021009f63c4,content_c5e5d149e4e3b776,0.7439751683777579,refresh_priority,weak_position|low_ctr,high,486.0,0.0,28.12125820258173,0.0
1502,client_a2eeb8899886adde,content_eaccd7441ee37d02,0.7439710755843922,refresh_priority,low_ctr,high,2639.0,1.0,5.090567183114712,0.0003789314134141
1503,client_73cda7b4e4f265ea,content_6efe7b657cd35c93,0.7439499389996718,refresh_priority,low_ctr,high,467.0,0.0,7.774019961208681,0.0
1504,client_23a62021009f63c4,content_f7c19e19464ede4e,0.743948498956406,refresh_priority,weak_position|low_ctr,high,245.0,0.0,35.49462623433212,0.0
1505,client_62f4a7e64f5e0096,content_25e731e004e6c0b4,0.7439458975009391,refresh_priority,low_ctr,high,935.0,2.0,3.336327534470188,0.002139037433155
1506,client_a80fca3f171ed1de,content_9502f3c31e174b14,0.7439429457679961,refresh_priority,low_ctr,high,667.0,1.0,2.985735661039448,0.0014992503748125
1507,client_1a730cb2640a1abf,content_a642bf83af17838a,0.7439429457679961,refresh_priority,low_ctr,high,747.0,1.0,2.9918156872959494,0.001338688085676
1508,client_73cda7b4e4f265ea,content_d00a89188f23acd4,0.7439354196243464,refresh_priority,weak_position|low_ctr,high,770.0,0.0,22.307261082048228,0.0
1509,client_23a62021009f63c4,content_dff696c90f24bd65,0.7439298997247505,refresh_priority,weak_position|low_ctr,high,1320.0,3.0,23.737140152236005,0.0022727272727272
1510,client_73cda7b4e4f265ea,content_af1f30c310e6360e,0.7439137026218855,refresh_priority,weak_position|low_ctr,high,883.0,1.0,12.756954957395996,0.001132502831257
1511,client_73cda7b4e4f265ea,content_a4abd504c900a78d,0.7438828487087078,refresh_priority,weak_position|low_ctr,high,744.0,0.0,24.02124795496543,0.0
1512,client_23a62021009f63c4,content_48a7316f812b9f65,0.7438788208163245,refresh_priority,weak_position|low_ctr,high,18909.0,14.0,38.434769870219526,0.0007403881749431
1513,client_62f4a7e64f5e0096,content_c922bf1cd226b8b2,0.7438766789031515,refresh_priority,low_ctr,high,171.0,0.0,1.744300144300144,0.0
1514,client_1a8bf67cad4ee525,content_3811343b165eb63a,0.7438673729352837,refresh_priority,weak_position|low_ctr,high,2619.0,3.0,14.873123887555185,0.0011454753722794
1515,client_8ddc46da5414ffd8,content_5dac5c9da7f10b24,0.7438548845189595,refresh_priority,low_ctr,high,479.0,0.0,3.266610435360435,0.0
1516,client_73cda7b4e4f265ea,content_685d510213161200,0.7438321168930159,refresh_priority,weak_position|low_ctr,high,2453.0,1.0,19.64904270263161,0.0004076640847941
1517,client_fef1a8f436438636,content_24cee0a2bf7bb831,0.7438314753917629,refresh_priority,weak_position|low_ctr,high,713.0,0.0,23.88395107881428,0.0
1518,client_62f4a7e64f5e0096,content_103743ef3887d6d2,0.7438304039767601,refresh_priority,low_ctr,high,324.0,0.0,2.624905432258373,0.0
1519,client_62f4a7e64f5e0096,content_d94c6f5c9cf663de,0.7438304039767601,refresh_priority,low_ctr,high,297.0,0.0,2.8464925814925817,0.0
1520,client_62f4a7e64f5e0096,content_36063ce720061c6a,0.7438304039767601,refresh_priority,low_ctr,high,286.0,0.0,2.848620538817907,0.0
1521,client_73cda7b4e4f265ea,content_e8a5b6f8ee867bb4,0.7438071681791254,refresh_priority,weak_position|low_ctr,high,1063.0,0.0,38.99183106957389,0.0
1522,client_23a62021009f63c4,content_5b1a0ad462771225,0.7438042050765248,refresh_priority,weak_position|low_ctr,high,4124.0,1.0,28.538568412822546,0.0002424830261881
1523,client_23a62021009f63c4,content_1314807b7e16df69,0.7437846357846449,refresh_priority,weak_position|low_ctr,high,2397.0,3.0,39.26561109025141,0.0012515644555694
1524,client_08a6a72ff48e62c0,content_a281974ca03ca2a7,0.7437708726168691,refresh_priority,low_ctr,high,3995.0,1.0,5.805597295279318,0.0002503128911138
1525,client_08a6a72ff48e62c0,content_fcb41517802ec6ec,0.7437708726168691,refresh_priority,low_ctr,high,4257.0,1.0,5.869145495402599,0.0002349072116513
1526,client_62f4a7e64f5e0096,content_e2a46d0c1194b093,0.7437700855875998,refresh_priority,low_ctr,high,429.0,1.0,3.51977418098767,0.0023310023310023
1527,client_73cda7b4e4f265ea,content_5f657741f2166d61,0.7437613774339343,refresh_priority,weak_position|low_ctr,high,1300.0,0.0,18.10418170520844,0.0
1528,client_73cda7b4e4f265ea,content_3c62679aa9158ca0,0.7437485799007829,refresh_priority,weak_position|low_ctr,high,732.0,0.0,14.762917683727885,0.0
1529,client_0fa64a184f18a4a0,content_5ba6506071b7156e,0.7437450069111513,refresh_priority,low_ctr,high,395.0,1.0,2.1445971466804803,0.0025316455696202
1530,client_157ffe4d4a595515,content_e1b273a9609820a8,0.7437443898201793,refresh_priority,low_ctr,high,1295.0,0.0,4.087817037687297,0.0
1531,client_62f4a7e64f5e0096,content_1aa3dbc3d7af435b,0.7437334054427636,refresh_priority,low_ctr,high,2377.0,1.0,4.806959167745267,0.0004206983592763
1532,client_20259bd6705d81d4,content_547315b517b94453,0.7437286876410888,refresh_priority,low_ctr,high,690.0,0.0,3.0557830283340564,0.0
1533,client_73cda7b4e4f265ea,content_ef523e0920d085aa,0.7437237892536964,refresh_priority,weak_position|low_ctr,high,1552.0,1.0,13.47781585163284,0.0006443298969072
1534,client_20259bd6705d81d4,content_8e8d4ad2fd21a7ad,0.7437144732120338,refresh_priority,low_ctr,high,812.0,2.0,2.309768891749253,0.0024630541871921
1535,client_62f4a7e64f5e0096,content_b3cb7ecef3c3121e,0.743687967643179,refresh_priority,low_ctr,high,2778.0,1.0,5.313369026303726,0.0003599712023038
1536,client_62f4a7e64f5e0096,content_14aec1bfd230e578,0.7436870813610861,refresh_priority,low_ctr,high,1363.0,3.0,3.207602767434349,0.0022010271460014
1537,client_fef1a8f436438636,content_7fc015a5c8319ad6,0.7436824284563209,refresh_priority,weak_position|low_ctr,high,1490.0,1.0,20.104896755514957,0.0006711409395973
1538,client_e547b89c05043229,content_2a753e401c34b234,0.7436756812665322,refresh_priority,weak_position|low_ctr,high,338.0,0.0,10.744408534075715,0.0
1539,client_86ebc2f12c01f586,content_73fe4a9afe5a00ae,0.743672716312213,refresh_priority,low_ctr,high,349.0,0.0,5.519154344755368,0.0
1540,client_62f4a7e64f5e0096,content_5d84e44d1579a7b3,0.7436724070807311,refresh_priority,low_ctr,high,3597.0,1.0,5.442909185646388,0.0002780094523213
1541,client_73cda7b4e4f265ea,content_61c495d39498082e,0.7436652552070872,refresh_priority,weak_position|low_ctr,high,1092.0,0.0,43.70264408295523,0.0
1542,client_73cda7b4e4f265ea,content_b5b15647661a2f5d,0.74365358460654,refresh_priority,weak_position|low_ctr,high,1105.0,0.0,19.040848261601035,0.0
1543,client_fef1a8f436438636,content_811c0e6db6e2cb7b,0.7436501324696333,refresh_priority,low_ctr,high,21351.0,8.0,8.703165987663787,0.0003746897100838
1544,client_62f4a7e64f5e0096,content_e6dc50280926be98,0.7436423937965708,refresh_priority,low_ctr,high,934.0,2.0,3.4802526014241617,0.0021413276231263
1545,client_73cda7b4e4f265ea,content_3ed6542f2f0b971d,0.7436233358217667,refresh_priority,weak_position|low_ctr,high,762.0,1.0,49.98712708705124,0.0013123359580052
1546,client_0fa64a184f18a4a0,content_444930ca44985369,0.7436042428984688,refresh_priority,low_ctr,high,252.0,0.0,2.573805916305916,0.0
1547,client_0fa64a184f18a4a0,content_9b29f668def32bb2,0.7435941092486194,refresh_priority,low_ctr,high,184.0,0.0,2.1969402710579184,0.0
1548,client_86ebc2f12c01f586,content_d479082031cb4f33,0.7435737283879007,refresh_priority,low_ctr,high,498.0,1.0,2.770095144510043,0.002008032128514
1549,client_62f4a7e64f5e0096,content_9c3a7a30bf1198be,0.7435555472039116,refresh_priority,low_ctr,high,1555.0,1.0,4.465851988326457,0.0006430868167202
1550,client_fef1a8f436438636,content_55d548defcdd4777,0.7435364044916225,refresh_priority,weak_position|low_ctr,high,4251.0,9.0,10.248757340924806,0.0021171489061397
1551,client_62f4a7e64f5e0096,content_4d20323baaf5035a,0.7435335849285333,refresh_priority,low_ctr,high,234.0,0.0,2.513201243201243,0.0
1552,client_73cda7b4e4f265ea,content_830c1b948d9cc682,0.7435164235681471,refresh_priority,weak_position|low_ctr,high,597.0,0.0,10.445954985560247,0.0
1553,client_23a62021009f63c4,content_3c89e1682bacaf9f,0.7435121301944027,refresh_priority,weak_position|low_ctr,high,2243.0,1.0,22.051054573180423,0.0004458314757021
1554,client_62f4a7e64f5e0096,content_f3c7d390f71aad85,0.7435076671728483,refresh_priority,low_ctr,high,800.0,1.0,4.055065316882033,0.00125
1555,client_62f4a7e64f5e0096,content_a762ac07ca113428,0.7434964682015668,refresh_priority,low_ctr,high,3026.0,1.0,5.374800206799426,0.0003304692663582
1556,client_a80fca3f171ed1de,content_e1c8ec7221676edb,0.743488838121642,refresh_priority,low_ctr,high,283.0,0.0,2.960596810596811,0.0
1557,client_73cda7b4e4f265ea,content_d4b672bbe59d4109,0.7434858725517868,refresh_priority,weak_position,high,342.0,1.0,14.90393735893736,0.0029239766081871
1558,client_73cda7b4e4f265ea,content_84bfa88b05696eb5,0.7434810247377283,refresh_priority,low_ctr,high,4431.0,0.0,9.202748138050998,0.0
1559,client_62f4a7e64f5e0096,content_3efbaf6e747ff802,0.743479261167629,refresh_priority,low_ctr,high,492.0,0.0,3.3018350415876805,0.0
1560,client_73cda7b4e4f265ea,content_f411b5cb7b149041,0.7434783479403752,refresh_priority,weak_position|low_ctr,high,639.0,1.0,14.547984239146531,0.001564945226917
1561,client_62f4a7e64f5e0096,content_235f91774fb8ac3a,0.7434711729983824,refresh_priority,low_ctr,high,897.0,2.0,3.468230648420929,0.0022296544035674
1562,client_23a62021009f63c4,content_863da12d2f8e87aa,0.7434254880953285,refresh_priority,weak_position|low_ctr,high,782.0,1.0,30.651134692654864,0.0012787723785166
1563,client_62f4a7e64f5e0096,content_01609c974c333825,0.743423342770994,refresh_priority,low_ctr,high,715.0,0.0,3.3409863568115554,0.0
1564,client_62f4a7e64f5e0096,content_b8dc8fa354755204,0.7434210460891829,refresh_priority,low_ctr,high,1776.0,1.0,4.880640690847116,0.000563063063063
1565,client_62f4a7e64f5e0096,content_e08c18a717cf1b48,0.7434210460891829,refresh_priority,low_ctr,high,1914.0,1.0,4.876045168468366,0.0005224660397074
1566,client_86ebc2f12c01f586,content_799f4332eb713559,0.7434210460891829,refresh_priority,low_ctr,high,1769.0,1.0,4.785685344219703,0.0005652911249293
1567,client_62f4a7e64f5e0096,content_4c9a5974d9181934,0.7434123412581987,refresh_priority,low_ctr,high,2656.0,1.0,5.4944561001558805,0.0003765060240963
1568,client_157ffe4d4a595515,content_e9c8aa0ce80fbccd,0.7434077911388381,refresh_priority,low_ctr,high,259.0,0.0,7.499013949013951,0.0
1569,client_fef1a8f436438636,content_0ddae6f4bacfa6f5,0.7434059011449003,refresh_priority,weak_position|low_ctr,high,1056.0,0.0,13.89911720595554,0.0
1570,client_73cda7b4e4f265ea,content_dc33fd13cb23f9a7,0.7434024852224352,refresh_priority,low_ctr,high,1806.0,1.0,3.5513211497924875,0.0005537098560354
1571,client_62f4a7e64f5e0096,content_97675c2274304839,0.7433951377807085,refresh_priority,low_ctr,high,176.0,0.0,2.141732804232804,0.0
1572,client_62f4a7e64f5e0096,content_1a6535fb3deadc47,0.7433877300731191,refresh_priority,low_ctr,high,245.0,0.0,2.4487865701836293,0.0
1573,client_86ebc2f12c01f586,content_29772ff8db9c2f7e,0.7433788828795924,refresh_priority,low_ctr,high,1314.0,0.0,3.4735262567178933,0.0
1574,client_73cda7b4e4f265ea,content_b9acd1ebff7d34ff,0.7433788828795924,refresh_priority,low_ctr,high,1695.0,0.0,3.477197975816188,0.0
1575,client_e547b89c05043229,content_54b5d9faf7022380,0.7433703195044623,refresh_priority,weak_position|low_ctr,high,128.0,0.0,42.91412151067323,0.0
1576,client_23a62021009f63c4,content_2083d4ee1e7a4329,0.743367176264532,refresh_priority,weak_position|low_ctr,high,384.0,0.0,36.22347769242792,0.0
1577,client_e547b89c05043229,content_87627a85f5caa6c0,0.7433632339171617,refresh_priority,weak_position|low_ctr,high,1461.0,1.0,13.467093444993813,0.000684462696783
1578,client_62f4a7e64f5e0096,content_400baf4225167f2a,0.7433612443120399,refresh_priority,low_ctr,high,563.0,0.0,3.297494921887134,0.0
1579,client_0fa64a184f18a4a0,content_3ef3d8b01bd35368,0.7433612443120399,refresh_priority,low_ctr,high,520.0,0.0,3.296061437402646,0.0
1580,client_a80fca3f171ed1de,content_341f76f3021c1a9e,0.7433590221706146,refresh_priority,weak_position|low_ctr,high,439.0,1.0,11.119888024771926,0.0022779043280182
1581,client_23a62021009f63c4,content_74db463232f8a016,0.7433567379043101,refresh_priority,low_ctr,high,801.0,2.0,7.915611107435868,0.0024968789013732
1582,client_3197e6291363b4db,content_d8b7852e812f4b0c,0.7433474153184588,refresh_priority,weak_position|low_ctr,high,320.0,0.0,46.02291067728568,0.0
1583,client_20259bd6705d81d4,content_860b03f8141381ef,0.7433447779857132,refresh_priority,low_ctr,high,341.0,0.0,2.7216624521848973,0.0
1584,client_73cda7b4e4f265ea,content_60cba2d5195a8315,0.743341961221968,refresh_priority,low_ctr,high,3184.0,0.0,7.515487310790235,0.0
1585,client_23a62021009f63c4,content_597678394c7c1aaa,0.7433165364926698,refresh_priority,weak_position|low_ctr,high,453.0,0.0,16.44473488040307,0.0
1586,client_86ebc2f12c01f586,content_89826c6b0d156843,0.7433153364975399,refresh_priority,low_ctr,high,734.0,1.0,3.641235682366157,0.0013623978201634
1587,client_86ebc2f12c01f586,content_5c7cbd2ad3cb5a10,0.7433107891757755,refresh_priority,low_ctr,high,1063.0,1.0,4.237680383510638,0.0009407337723424
1588,client_157ffe4d4a595515,content_28fd5ecffde00bc9,0.7432968680508738,refresh_priority,low_ctr,high,265.0,0.0,7.278079605579605,0.0
1589,client_23a62021009f63c4,content_7a35251c94af0283,0.7432580631307776,refresh_priority,weak_position|low_ctr,high,208.0,0.0,12.778945293836598,0.0
1590,client_9958f0a7ae1df715,content_e2901b24f71248bc,0.743252244391768,refresh_priority,weak_position|low_ctr,high,177.0,0.0,68.07566916027443,0.0
1591,client_0fa64a184f18a4a0,content_4638b598748a9ba1,0.7432513590369529,refresh_priority,low_ctr,high,805.0,0.0,3.2051989025437138,0.0
1592,client_23a62021009f63c4,content_d497365e93e44cb7,0.74324537835268,refresh_priority,weak_position|low_ctr,high,2947.0,3.0,22.735353421265906,0.001017984390906
1593,client_62f4a7e64f5e0096,content_1413d1a5fcd8fdee,0.74324464013743,refresh_priority,low_ctr,high,1455.0,1.0,4.547732119378387,0.0006872852233676
1594,client_62f4a7e64f5e0096,content_93e44215e5bf88ee,0.7432420178304727,refresh_priority,low_ctr,high,274.0,0.0,2.829489856548681,0.0
1595,client_62f4a7e64f5e0096,content_8179826f95e81b01,0.7432420178304727,refresh_priority,low_ctr,high,277.0,0.0,2.7896185296185294,0.0
1596,client_73cda7b4e4f265ea,content_40ffbbae932be2a0,0.7432242427837988,refresh_priority,low_ctr,high,31953.0,5.0,7.86870178978431,0.0001564798297499
1597,client_73cda7b4e4f265ea,content_357c3dab8dd1b223,0.7432127688820263,refresh_priority,low_ctr,high,15174.0,9.0,8.619524092590279,0.0005931198102016
1598,client_3f0ce4d44fe94f3d,content_63a82768843315a2,0.7432066038749306,refresh_priority,weak_position|low_ctr,high,932.0,0.0,17.28716880534153,0.0
1599,client_23a62021009f63c4,content_ceec7466529561b6,0.7432060166125515,refresh_priority,weak_position|low_ctr,high,1595.0,1.0,26.314780768149465,0.0006269592476489
1600,client_fef1a8f436438636,content_f8996cd6fd3f3f6c,0.7431880737134068,refresh_priority,weak_position|low_ctr,high,703.0,0.0,10.024674294655393,0.0
1601,client_a80fca3f171ed1de,content_1b537d7f824df948,0.7431818002214521,refresh_priority,low_ctr,high,1037.0,0.0,7.2670827766409,0.0
1602,client_62f4a7e64f5e0096,content_8a2dea150c647154,0.74317467111657,refresh_priority,low_ctr,high,2326.0,1.0,5.283206348705462,0.0004299226139294
1603,client_23a62021009f63c4,content_6c5c34dca16c71b8,0.7431469063986798,refresh_priority,weak_position|low_ctr,high,1067.0,0.0,35.06017936735432,0.0
1604,client_fef1a8f436438636,content_a01948b37fc0fc9c,0.7431418279707764,refresh_priority,low_ctr,high,193.0,0.0,9.458497798497795,0.0
1605,client_62f4a7e64f5e0096,content_e89e84ed34c2854d,0.7431402078113323,refresh_priority,low_ctr,high,2909.0,7.0,1.593903657345639,0.0024063251976624
1606,client_9958f0a7ae1df715,content_757d8500451fb901,0.74313412224184,refresh_priority,weak_position|low_ctr,high,279.0,0.0,41.96453730637553,0.0
1607,client_23a62021009f63c4,content_2c64c720c83a776e,0.7431237924810009,refresh_priority,weak_position|low_ctr,high,758.0,1.0,34.95284640405699,0.0013192612137203
1608,client_0fa64a184f18a4a0,content_6cde81678757f04b,0.7431198390666257,refresh_priority,low_ctr,high,639.0,0.0,3.4580266320513884,0.0
1609,client_62f4a7e64f5e0096,content_d4a48e9d2509762c,0.7431198390666257,refresh_priority,low_ctr,high,643.0,0.0,3.462138871814836,0.0
1610,client_23a62021009f63c4,content_d67f98572493f71d,0.7431179043746513,refresh_priority,weak_position|low_ctr,high,5289.0,6.0,52.80202317981696,0.0011344299489506
1611,client_a80fca3f171ed1de,content_bf97b293401f29b7,0.7431147803681043,refresh_priority,weak_position|low_ctr,high,173.0,0.0,26.077241462241457,0.0
1612,client_62f4a7e64f5e0096,content_5846088ce944a193,0.7431142803803387,refresh_priority,low_ctr,high,769.0,2.0,1.4795158162781294,0.0026007802340702
1613,client_e547b89c05043229,content_a1fec9e59da6f12e,0.7431008465813022,refresh_priority,weak_position|low_ctr,high,185.0,0.0,13.368235930735931,0.0
1614,client_73cda7b4e4f265ea,content_dbc98a9b27662cdc,0.7430952023095023,refresh_priority,weak_position|low_ctr,high,328.0,0.0,31.081701044053982,0.0
1615,client_400c21c81c8b46ef,content_205753e4f6a82f89,0.743088693358339,refresh_priority,low_ctr,high,3189.0,1.0,6.013533190137244,0.0003135779241141
1616,client_157ffe4d4a595515,content_be1a0e6b4cd0c64d,0.7430842667153142,refresh_priority,low_ctr,high,516.0,0.0,6.209930945053494,0.0
1617,client_73cda7b4e4f265ea,content_d4189923dc30b1f2,0.743079390107868,refresh_priority,weak_position|low_ctr,high,722.0,0.0,14.26982588223266,0.0
1618,client_3f0ce4d44fe94f3d,content_c191e209af6977b8,0.7430775623455188,refresh_priority,weak_position|low_ctr,high,508.0,0.0,11.245542751150056,0.0
1619,client_65de48885f4ef01b,content_e3857da9ef761e16,0.7430738490165041,refresh_priority,low_ctr,high,657.0,0.0,5.776715907876765,0.0
1620,client_73cda7b4e4f265ea,content_6cd059535d1bda17,0.7430654545934001,refresh_priority,low_ctr,high,797.0,1.0,3.3655150413620154,0.001254705144291
1621,client_62f4a7e64f5e0096,content_b81920aa37ebf1e6,0.7430531533041009,refresh_priority,low_ctr,high,1405.0,1.0,4.6980507871863,0.0007117437722419
1622,client_8ddc46da5414ffd8,content_65e5c693de274c00,0.7430531533041009,refresh_priority,low_ctr,high,1443.0,1.0,4.671085541348295,0.0006930006930006
1623,client_62f4a7e64f5e0096,content_9fe12fd0d3c543e0,0.7430531533041009,refresh_priority,low_ctr,high,1541.0,1.0,4.597395667228337,0.0006489292667099
1624,client_62f4a7e64f5e0096,content_98f3888cc4efd7c2,0.7430531533041009,refresh_priority,low_ctr,high,1526.0,1.0,4.923406486732462,0.0006553079947575
1625,client_fef1a8f436438636,content_7c7f57bc6ef8fce1,0.743023095556936,refresh_priority,weak_position|low_ctr,high,700.0,0.0,35.19762990721611,0.0
1626,client_23a62021009f63c4,content_956237e2ffd3d11e,0.743023095556936,refresh_priority,weak_position|low_ctr,high,519.0,0.0,36.40205872027259,0.0
1627,client_fef1a8f436438636,content_e97f751eb171ce02,0.7430093773738463,refresh_priority,low_ctr,high,643.0,0.0,9.380588660440806,0.0
1628,client_f6f0cdf26d03d7bd,content_443ab9d8fe498434,0.7430064295464427,refresh_priority,low_ctr,high,875.0,0.0,7.19060684524815,0.0
1629,client_73cda7b4e4f265ea,content_7b6ba7ee3672a288,0.7429993085518127,refresh_priority,weak_position|low_ctr,high,1889.0,2.0,13.15724289641025,0.0010587612493382
1630,client_1a730cb2640a1abf,content_6ba2521fd00b79cd,0.7429582779404288,refresh_priority,low_ctr,high,598.0,1.0,6.014135673019018,0.0016722408026755
1631,client_23a62021009f63c4,content_a1b2d4584b8f57f3,0.7429565209933009,refresh_priority,weak_position|low_ctr,high,665.0,1.0,25.89180034474828,0.0015037593984962
1632,client_20259bd6705d81d4,content_0079eb4d9681154a,0.7429534420154612,refresh_priority,low_ctr,high,2655.0,3.0,3.51500326960747,0.0011299435028248
1633,client_73cda7b4e4f265ea,content_efff5080e755f540,0.7429417954254804,refresh_priority,low_ctr,high,247.0,0.0,2.546900893224423,0.0
1634,client_23a62021009f63c4,content_65097f9b416070d0,0.742938976974892,refresh_priority,low_ctr,high,1029.0,2.0,6.942287316515537,0.0019436345966958
1635,client_20259bd6705d81d4,content_7c1372ef8dc40b34,0.7429384146396839,refresh_priority,low_ctr,high,423.0,0.0,5.628213304583274,0.0
1636,client_b77d0d5f08f05e64,content_7e7380fee25f9e96,0.7429361179870106,refresh_priority,low_ctr,high,519.0,0.0,7.533964333859969,0.0
1637,client_b10cb2997d0c7c86,content_99cd8673b3e6cb18,0.7429276311075866,refresh_priority,low_ctr,high,663.0,0.0,9.13710489206768,0.0
1638,client_62f4a7e64f5e0096,content_12db31b102521b38,0.7429190168477973,refresh_priority,low_ctr,high,1444.0,3.0,3.326001643474276,0.0020775623268698
1639,client_73cda7b4e4f265ea,content_37e8a9fe5729b6f7,0.7428956725202848,refresh_priority,weak_position|low_ctr,high,473.0,0.0,42.25755236347432,0.0
1640,client_fef1a8f436438636,content_f5ad2ac75fa77fef,0.7428755645747538,refresh_priority,weak_position|low_ctr,high,277.0,0.0,49.8248865948866,0.0
1641,client_08a6a72ff48e62c0,content_a2881f5f8345e9bb,0.7428623117629893,refresh_priority,low_ctr,high,1784.0,1.0,5.75459540911397,0.0005605381165919
1642,client_62f4a7e64f5e0096,content_d5de863d3677088d,0.7428623117629893,refresh_priority,low_ctr,high,1788.0,1.0,5.643157920141951,0.000559284116331
1643,client_62f4a7e64f5e0096,content_495175d3a7918bf2,0.7428623117629893,refresh_priority,low_ctr,high,1908.0,1.0,5.704971317781273,0.000524109014675
1644,client_62f4a7e64f5e0096,content_df5abe1755bf02f9,0.7428623117629893,refresh_priority,low_ctr,high,2131.0,1.0,5.651157022523737,0.000469263256687
1645,client_73cda7b4e4f265ea,content_78d890d3abb3fcbc,0.7428282321862737,refresh_priority,weak_position|low_ctr,high,530.0,0.0,17.529094101860757,0.0
1646,client_fef1a8f436438636,content_103408ec42b5822c,0.7428267266475912,refresh_priority,low_ctr,high,313.0,0.0,7.874366054390845,0.0
1647,client_73cda7b4e4f265ea,content_4471a6af41eaeb8c,0.7428207442872773,refresh_priority,weak_position|low_ctr,high,505.0,0.0,27.441245718373363,0.0
1648,client_2094c6eb080311d5,content_21c4ffde557f0909,0.7428198959123642,refresh_priority,low_ctr,high,4018.0,9.0,7.867201674705431,0.0022399203583872
1649,client_23a62021009f63c4,content_513a9d724bbf8d65,0.7428185593373035,refresh_priority,weak_position|low_ctr,high,415.0,0.0,24.74372691817222,0.0
1650,client_73cda7b4e4f265ea,content_55e026c2aaf91565,0.7428180003397172,refresh_priority,weak_position|low_ctr,high,524.0,0.0,48.23695147457338,0.0
1651,client_86ebc2f12c01f586,content_79b279a6a8468a8b,0.7428135148689056,refresh_priority,general_review,high,1088.0,3.0,2.239818955948731,0.0027573529411764
1652,client_73cda7b4e4f265ea,content_4181a019b9d0e79d,0.7428127618242979,refresh_priority,weak_position|low_ctr,high,1353.0,3.0,13.613474890809307,0.0022172949002217
1653,client_73cda7b4e4f265ea,content_fde3ca5e9c57532b,0.7427971738737015,refresh_priority,weak_position|low_ctr,high,6091.0,2.0,12.171954717973772,0.0003283533081595
1654,client_0fa64a184f18a4a0,content_b448a7ad04f17de3,0.742788644999045,refresh_priority,low_ctr,high,257.0,0.0,2.626152030230977,0.0
1655,client_62f4a7e64f5e0096,content_9f27446f90898860,0.7427881583405406,refresh_priority,low_ctr,high,1316.0,1.0,4.774209850864909,0.0007598784194528
1656,client_810019792c9b8efc,content_106221e0dad60525,0.7427860195388355,refresh_priority,weak_position,high,3477.0,10.0,10.239232522339462,0.0028760425654299
1657,client_e547b89c05043229,content_64b44e882f14aec6,0.74277838001906,refresh_priority,weak_position|low_ctr,high,1584.0,0.0,17.847450004130312,0.0
1658,client_23a62021009f63c4,content_29d23bc038661d93,0.7427679814044329,refresh_priority,low_ctr,high,1449.0,2.0,4.8073691336846345,0.0013802622498274
1659,client_08a6a72ff48e62c0,content_8113fb6136416286,0.7427668962733424,refresh_priority,low_ctr,high,2453.0,1.0,5.847872730778115,0.0004076640847941
1660,client_08a6a72ff48e62c0,content_533fb20321daea4f,0.7427668962733424,refresh_priority,low_ctr,high,2272.0,1.0,5.813911434678029,0.0004401408450704
1661,client_23a62021009f63c4,content_29283f5ddcdfbe8c,0.7427579634063726,refresh_priority,weak_position|low_ctr,high,416.0,0.0,21.671146046553684,0.0
1662,client_fef1a8f436438636,content_9a1f850d2d0dc486,0.7427321580844574,refresh_priority,weak_position|low_ctr,high,230.0,0.0,50.615925879675885,0.0
1663,client_23a62021009f63c4,content_4ef7506dc7dff03f,0.742725820045931,refresh_priority,general_review,high,956.0,3.0,6.894503505909507,0.0031380753138075
1664,client_62f4a7e64f5e0096,content_71db26ad73390a4f,0.7427141690993083,refresh_priority,low_ctr,high,157.0,0.0,1.6476455026455026,0.0
1665,client_fef1a8f436438636,content_7aa63ef4196d0c6c,0.742709142228671,refresh_priority,low_ctr,high,3242.0,0.0,8.821135293197782,0.0
1666,client_73cda7b4e4f265ea,content_fcb321049be4cf92,0.742709142228671,refresh_priority,low_ctr,high,3628.0,0.0,8.733504555668947,0.0
1667,client_23a62021009f63c4,content_6f73852755759d56,0.7427013528586256,refresh_priority,weak_position|low_ctr,high,900.0,0.0,30.949013551637208,0.0
1668,client_23a62021009f63c4,content_b1dac7c3188445cf,0.742698085920906,refresh_priority,weak_position|low_ctr,high,309.0,0.0,27.122346337287446,0.0
1669,client_3f0ce4d44fe94f3d,content_09ac1b17032341ce,0.7426579996921108,refresh_priority,low_ctr,high,2854.0,2.0,9.1475209801471,0.0007007708479327
1670,client_fef1a8f436438636,content_2e9d8e1ea113a8e4,0.742654592521857,refresh_priority,weak_position|low_ctr,high,415.0,0.0,13.342644273496662,0.0
1671,client_73cda7b4e4f265ea,content_ad471e33146ce493,0.7426472610805823,refresh_priority,weak_position|low_ctr,high,712.0,0.0,16.782872103154087,0.0
1672,client_62f4a7e64f5e0096,content_8f224519db3c002b,0.7426327392578957,refresh_priority,low_ctr,high,765.0,2.0,1.9834423376490948,0.0026143790849673
1673,client_fef1a8f436438636,content_ce2988bbc93506bd,0.7426290509372105,refresh_priority,low_ctr,high,903.0,1.0,8.900825512078825,0.0011074197120708
1674,client_73cda7b4e4f265ea,content_1ae0e8785abe2d66,0.7426178842688634,refresh_priority,low_ctr,high,796.0,1.0,4.16181683170228,0.0012562814070351
1675,client_73cda7b4e4f265ea,content_189a377a88c224c7,0.7426172767607866,refresh_priority,low_ctr,high,1282.0,1.0,3.3595928523234684,0.000780031201248
1676,client_73cda7b4e4f265ea,content_217bb43f38af71c1,0.7426165203574272,refresh_priority,weak_position|low_ctr,high,428.0,0.0,35.96847674012147,0.0
1677,client_23a62021009f63c4,content_135d1759617e8f2e,0.7426165203574272,refresh_priority,weak_position|low_ctr,high,460.0,0.0,34.511256661356946,0.0
1678,client_810019792c9b8efc,content_d2d94a3cd1a70836,0.7426053051159336,refresh_priority,weak_position,high,269.0,1.0,10.928757308051424,0.0037174721189591
1679,client_73cda7b4e4f265ea,content_0900a074a627e3e0,0.7426042166967435,refresh_priority,weak_position|low_ctr,high,1072.0,1.0,14.670667594100395,0.0009328358208955
1680,client_1a730cb2640a1abf,content_b4fcbc92ed16944e,0.7425916228174356,refresh_priority,low_ctr,high,151.0,0.0,3.598293650793651,0.0
1681,client_3f0ce4d44fe94f3d,content_3e8af265bd6e6550,0.7425871424408544,refresh_priority,weak_position|low_ctr,high,1591.0,1.0,19.140931396425582,0.0006285355122564
1682,client_1a8bf67cad4ee525,content_03aa1d4885443b10,0.7425868048714641,refresh_priority,low_ctr,high,624.0,1.0,5.497258881886572,0.0016025641025641
1683,client_62f4a7e64f5e0096,content_b11bf252593c03a0,0.7425838837461454,refresh_priority,low_ctr,high,1225.0,1.0,4.871311289396389,0.0008163265306122
1684,client_23a62021009f63c4,content_43622fc2041a188a,0.7425797446333019,refresh_priority,weak_position|low_ctr,high,320.0,0.0,18.306886612412928,0.0
1685,client_a80fca3f171ed1de,content_d43e2ffe6355d81d,0.7425756131209789,refresh_priority,low_ctr,high,771.0,0.0,9.198622125996732,0.0
1686,client_157ffe4d4a595515,content_cd8f3c86a59c406b,0.7425756131209789,refresh_priority,low_ctr,high,856.0,0.0,9.327664342486363,0.0
1687,client_73cda7b4e4f265ea,content_c97b745e059b312c,0.7425696373839454,refresh_priority,weak_position|low_ctr,high,420.0,0.0,17.078055360102574,0.0
1688,client_23a62021009f63c4,content_c5c495f5c1882d8a,0.7425644872979607,refresh_priority,low_ctr,high,1656.0,1.0,9.584806973313862,0.0006038647342995
1689,client_73cda7b4e4f265ea,content_dfc1b2efc581c1fc,0.7425642233343238,refresh_priority,weak_position|low_ctr,high,1562.0,0.0,20.889111608933547,0.0
1690,client_b10cb2997d0c7c86,content_10963042679b1044,0.7425628436909555,refresh_priority,low_ctr,high,574.0,0.0,8.35863136954404,0.0
1691,client_fef1a8f436438636,content_4333acdfae236739,0.7425557402462941,refresh_priority,weak_position|low_ctr,high,1217.0,0.0,13.156160288143152,0.0
1692,client_20259bd6705d81d4,content_d4adef9d6fac9b8c,0.7425556417534367,refresh_priority,low_ctr,high,272.0,0.0,2.699411906176612,0.0
1693,client_73cda7b4e4f265ea,content_0798539bc0b1d43e,0.7425271822354593,refresh_priority,weak_position|low_ctr,high,785.0,0.0,49.76066836489274,0.0
1694,client_0fa64a184f18a4a0,content_1856eb5dd0b93c63,0.742525895695979,refresh_priority,low_ctr,high,318.0,0.0,3.160788778215249,0.0
1695,client_62f4a7e64f5e0096,content_490e896f00dee736,0.7425229384381269,refresh_priority,low_ctr,high,1557.0,4.0,1.1174154544509425,0.0025690430314707
1696,client_23a62021009f63c4,content_536cf5481ad2d24b,0.7425211455676078,refresh_priority,weak_position|low_ctr,high,2197.0,1.0,10.925136890245032,0.0004551661356395
1697,client_20259bd6705d81d4,content_38fb7d0b342500f0,0.7425140582330276,refresh_priority,weak_position|low_ctr,high,1743.0,1.0,19.612016014568084,0.0005737234652897
1698,client_1a730cb2640a1abf,content_a64ecf916cc5e319,0.7425030847684376,refresh_priority,weak_position|low_ctr,high,5074.0,8.0,13.403225782238067,0.0015766653527788
1699,client_62f4a7e64f5e0096,content_17edb9059380e2bd,0.7424944189779074,refresh_priority,low_ctr,high,1508.0,1.0,5.750531441896402,0.0006631299734748
1700,client_08a6a72ff48e62c0,content_db1d50afe86a5cbb,0.7424944189779074,refresh_priority,low_ctr,high,1429.0,1.0,5.51910212402774,0.0006997900629811
1701,client_73cda7b4e4f265ea,content_c628aca45d3e265f,0.7424942935195529,refresh_priority,weak_position|low_ctr,high,374.0,0.0,14.16915153396771,0.0
1702,client_0fa64a184f18a4a0,content_adfa7d424194722d,0.74249394555033,refresh_priority,general_review,high,378.0,1.0,2.198015081791964,0.0026455026455026
1703,client_62f4a7e64f5e0096,content_643296678d3aca1c,0.74249394555033,refresh_priority,general_review,high,372.0,1.0,1.980087364326495,0.0026881720430107
1704,client_73cda7b4e4f265ea,content_82916998c06a5fd3,0.7424882041839217,refresh_priority,low_ctr,high,450.0,0.0,3.280511778431855,0.0
1705,client_1a8bf67cad4ee525,content_ffd33c2444b74fbe,0.7424850813872778,refresh_priority,low_ctr,high,748.0,1.0,3.052354307974461,0.0013368983957219
1706,client_23a62021009f63c4,content_b173706c09df4cad,0.7424842905520793,refresh_priority,low_ctr,high,1523.0,0.0,3.932169056098432,0.0
1707,client_62f4a7e64f5e0096,content_9e194fda22523210,0.7424825414564328,refresh_priority,low_ctr,high,637.0,1.0,3.791801142648832,0.0015698587127158
1708,client_62f4a7e64f5e0096,content_b5657879a3b23e89,0.742475374384404,refresh_priority,low_ctr,high,1163.0,2.0,3.633203552128776,0.0017196904557179
1709,client_23a62021009f63c4,content_942fa88fbfc69f11,0.7424610512368354,refresh_priority,weak_position|low_ctr,high,637.0,1.0,18.836652683225527,0.0015698587127158
1710,client_62f4a7e64f5e0096,content_58fe6af076cc5600,0.742458392992973,refresh_priority,low_ctr,high,864.0,2.0,3.234931945040347,0.0023148148148148
1711,client_73cda7b4e4f265ea,content_f46fd3ace0682df1,0.7424501412466645,refresh_priority,weak_position|low_ctr,high,3926.0,0.0,13.36969223107701,0.0
1712,client_a80fca3f171ed1de,content_b399a5f2e12af36c,0.7424411959210755,refresh_priority,low_ctr,high,3746.0,4.0,6.99568668898057,0.0010678056593699
1713,client_a80fca3f171ed1de,content_ac064f74932ff531,0.7424236596721622,refresh_priority,low_ctr,high,406.0,0.0,4.500025028577659,0.0
1714,client_73cda7b4e4f265ea,content_fc089d181430a08e,0.7424141690877685,refresh_priority,weak_position|low_ctr,high,461.0,0.0,26.590329950693725,0.0
1715,client_73cda7b4e4f265ea,content_fa0a9846d29dca5d,0.742404773345429,refresh_priority,weak_position|low_ctr,high,376.0,0.0,49.14963660076129,0.0
1716,client_810019792c9b8efc,content_a70e7ec017f0dda0,0.7424046641146091,refresh_priority,weak_position,high,736.0,3.0,11.09243133713469,0.0040760869565217
1717,client_73cda7b4e4f265ea,content_87a91fbe4ac32bfc,0.7423978063503632,refresh_priority,low_ctr,high,1664.0,1.0,9.055534987202318,0.0006009615384615
1718,client_157ffe4d4a595515,content_bf9c857a05021706,0.742387228866515,refresh_priority,low_ctr,high,236.0,0.0,7.443307359307359,0.0
1719,client_73cda7b4e4f265ea,content_4df45c21b1bf46ae,0.7423809238463501,refresh_priority,low_ctr,high,966.0,1.0,2.8585705260889624,0.0010351966873706
1720,client_73cda7b4e4f265ea,content_ebfe1d219ac79435,0.7423808337224452,refresh_priority,low_ctr,high,3154.0,2.0,9.796194606837036,0.0006341154090044
1721,client_fef1a8f436438636,content_722b66c6548e21ae,0.7423780604915563,refresh_priority,weak_position|low_ctr,high,220.0,0.0,13.451474728974729,0.0
1722,client_62f4a7e64f5e0096,content_aba1df6b121eccaf,0.742369713405055,refresh_priority,low_ctr,high,570.0,1.0,3.721782468019311,0.0017543859649122
1723,client_62f4a7e64f5e0096,content_aaeb12ae3b06b590,0.742369713405055,refresh_priority,low_ctr,high,551.0,1.0,3.769867013678921,0.0018148820326678
1724,client_62f4a7e64f5e0096,content_cf94124318b31994,0.7423588404558967,refresh_priority,low_ctr,high,783.0,1.0,4.198788606446806,0.0012771392081736
1725,client_fef1a8f436438636,content_ba4b7cac3bb3f5af,0.742358674102743,refresh_priority,weak_position|low_ctr,high,1144.0,0.0,32.04151828494965,0.0
1726,client_62f4a7e64f5e0096,content_17e1545c381ff9d1,0.7423570497397983,refresh_priority,low_ctr,high,1215.0,3.0,2.4786572500466164,0.0024691358024691
1727,client_9958f0a7ae1df715,content_6cd0c162158858c3,0.7423564429763244,refresh_priority,weak_position|low_ctr,high,920.0,0.0,17.56961847420406,0.0
1728,client_810019792c9b8efc,content_a59a0ca4d701390c,0.7423555047887652,refresh_priority,general_review,high,2461.0,8.0,7.902282951763765,0.0032507110930516
1729,client_08a6a72ff48e62c0,content_dcadfd23eaed5e5f,0.742336216362498,refresh_priority,low_ctr,high,1716.0,1.0,5.834946039590424,0.0005827505827505
1730,client_20259bd6705d81d4,content_d0f2bdaf05f10e4a,0.7423359430615726,refresh_priority,weak_position|low_ctr,high,603.0,1.0,29.37984029372424,0.0016583747927031
1731,client_a22068e339bf95f5,content_4b44d6b7ce4c8aeb,0.7423288513137234,refresh_priority,low_ctr,high,441.0,1.0,6.439571613417218,0.0022675736961451
1732,client_fef1a8f436438636,content_dc4ce76815ae3f8f,0.7423192503049193,refresh_priority,weak_position|low_ctr,high,516.0,0.0,44.95420079126813,0.0
1733,client_08a6a72ff48e62c0,content_1aa554848fbad12b,0.7423089010118248,refresh_priority,low_ctr,high,3090.0,1.0,6.208381502630901,0.0003236245954692
1734,client_73cda7b4e4f265ea,content_80dda5cb92f78e77,0.742307579704372,refresh_priority,weak_position|low_ctr,high,624.0,0.0,18.848627191343457,0.0
1735,client_157ffe4d4a595515,content_d47e042e295a82ce,0.7423024275599562,refresh_priority,low_ctr,high,504.0,0.0,8.262311847744096,0.0
1736,client_73cda7b4e4f265ea,content_4b90c181c99829b5,0.7422912845028417,refresh_priority,weak_position|low_ctr,high,923.0,1.0,20.587426990247582,0.0010834236186348
1737,client_fef1a8f436438636,content_bbb3d98b1faef45c,0.7422824234052908,refresh_priority,weak_position|low_ctr,high,835.0,1.0,28.31050916482843,0.0011976047904191
1738,client_23a62021009f63c4,content_1041e9276958a9b8,0.7422704895599469,refresh_priority,weak_position|low_ctr,high,4553.0,8.0,24.77312590779286,0.0017570832418185
1739,client_e547b89c05043229,content_a5e0ca35f763c1dc,0.7422577037985166,refresh_priority,weak_position|low_ctr,high,270.0,0.0,20.380318828345143,0.0
1740,client_9958f0a7ae1df715,content_848c35793ace1edf,0.7422556564956291,refresh_priority,weak_position|low_ctr,high,296.0,0.0,72.36843388365446,0.0
1741,client_23a62021009f63c4,content_62424edfc4c9debb,0.742250458407567,refresh_priority,weak_position|low_ctr,high,495.0,1.0,10.934299785239412,0.002020202020202
1742,client_62f4a7e64f5e0096,content_3a9b234837848857,0.742229424014347,refresh_priority,low_ctr,high,1335.0,1.0,5.674257034582252,0.0007490636704119
1743,client_23a62021009f63c4,content_ef7bbe272b5f1624,0.7422239562103279,refresh_priority,weak_position|low_ctr,high,1196.0,3.0,29.544873297817496,0.0025083612040133
1744,client_62f4a7e64f5e0096,content_e1022203fe029b75,0.7422149835631183,refresh_priority,low_ctr,high,762.0,2.0,1.990901386443536,0.0026246719160104
1745,client_73cda7b4e4f265ea,content_06d8e2babc3a6dbf,0.7422057097335387,refresh_priority,low_ctr,high,865.0,2.0,2.401092773597942,0.0023121387283236
1746,client_157ffe4d4a595515,content_9314dfb815d2a822,0.7421961646105631,refresh_priority,low_ctr,high,515.0,0.0,7.700184920485145,0.0
1747,client_73cda7b4e4f265ea,content_2334bb5207ab9f19,0.7421947353261331,refresh_priority,weak_position|low_ctr,high,1101.0,0.0,15.963356202892296,0.0
1748,client_73cda7b4e4f265ea,content_b9096a99b48337eb,0.7421884315747956,refresh_priority,low_ctr,high,6395.0,7.0,9.122976363053915,0.0010946051602814
1749,client_62f4a7e64f5e0096,content_fb433941167e9575,0.7421672321164097,refresh_priority,low_ctr,high,272.0,0.0,3.060241639452166,0.0
1750,client_73cda7b4e4f265ea,content_0db8859acc1a554e,0.7421672321164097,refresh_priority,low_ctr,high,272.0,0.0,3.083259172744467,0.0
1751,client_8ddc46da5414ffd8,content_dc2f4ba3551e916d,0.7421617942770792,refresh_priority,low_ctr,high,1011.0,1.0,4.456675089468285,0.0009891196834817
1752,client_86ebc2f12c01f586,content_00379201e81b6f82,0.7421617942770792,refresh_priority,low_ctr,high,872.0,1.0,4.316963060987113,0.0011467889908256
1753,client_62f4a7e64f5e0096,content_604711b5e5e600f2,0.7421617942770792,refresh_priority,low_ctr,high,893.0,1.0,4.442920231885226,0.0011198208286674
1754,client_157ffe4d4a595515,content_e1bd9df3d3d1b8ea,0.7421524492649577,refresh_priority,low_ctr,high,316.0,0.0,5.449229366494072,0.0
1755,client_0fa64a184f18a4a0,content_451bd05b3f50d409,0.7421481205135888,refresh_priority,low_ctr,high,183.0,0.0,2.458015873015873,0.0
1756,client_62f4a7e64f5e0096,content_6fcd932354084e0e,0.7421481205135888,refresh_priority,low_ctr,high,185.0,0.0,2.4179841454841458,0.0
1757,client_62f4a7e64f5e0096,content_d507a5429131cb00,0.7421481205135888,refresh_priority,low_ctr,high,192.0,0.0,2.410237817737818,0.0
1758,client_73cda7b4e4f265ea,content_6cc54a8ab88ab3e9,0.7421347481701441,refresh_priority,weak_position|low_ctr,high,334.0,0.0,54.90562064884433,0.0
1759,client_23a62021009f63c4,content_cdbaa2d0e598fd0d,0.7421325464944721,refresh_priority,weak_position|low_ctr,high,4120.0,3.0,41.38877194379357,0.0007281553398058
1760,client_73cda7b4e4f265ea,content_d00ad05a08dbb68a,0.742103363324761,refresh_priority,weak_position|low_ctr,high,659.0,0.0,25.325812247105656,0.0
1761,client_62f4a7e64f5e0096,content_fe20b8360ad045b9,0.7420935790605089,refresh_priority,low_ctr,high,386.0,1.0,2.366290341006632,0.0025906735751295
1762,client_62f4a7e64f5e0096,content_ea6df2a9c9472945,0.742088926725631,refresh_priority,low_ctr,high,375.0,0.0,3.363236754588148,0.0
1763,client_62f4a7e64f5e0096,content_8dbbc7fa10498e9c,0.742088926725631,refresh_priority,low_ctr,high,353.0,0.0,3.4402318583922766,0.0
1764,client_62f4a7e64f5e0096,content_b02cbfac6ac62f4b,0.7420866441346797,refresh_priority,low_ctr,high,1536.0,1.0,5.846611018712532,0.0006510416666666
1765,client_62f4a7e64f5e0096,content_6b84065c270de092,0.7420866441346797,refresh_priority,low_ctr,high,1489.0,1.0,5.898940642437302,0.0006715916722632
1766,client_73cda7b4e4f265ea,content_af251a24fe94f7c0,0.7420728043858802,refresh_priority,low_ctr,high,702.0,1.0,3.14850628496464,0.0014245014245014
1767,client_73cda7b4e4f265ea,content_6cd457d32e95d0e1,0.742067533100007,refresh_priority,weak_position|low_ctr,high,258.0,0.0,24.149404519772165,0.0
1768,client_23a62021009f63c4,content_cb48cb00383e7dfb,0.7420605562097164,refresh_priority,low_ctr,high,2979.0,1.0,8.240738860895354,0.0003356831151393
1769,client_23a62021009f63c4,content_05942874fc960a6c,0.7420284322006613,refresh_priority,weak_position|low_ctr,high,890.0,0.0,41.9057869485592,0.0
1770,client_73cda7b4e4f265ea,content_d01758ff6fff5197,0.7420284322006613,refresh_priority,weak_position|low_ctr,high,905.0,0.0,42.78580109475352,0.0
1771,client_157ffe4d4a595515,content_87660c5e8b690c55,0.7420255232731279,refresh_priority,low_ctr,high,717.0,0.0,8.962984018178648,0.0
1772,client_62f4a7e64f5e0096,content_8fcd7938693ef387,0.7420251494199519,refresh_priority,low_ctr,high,1240.0,1.0,5.620879702350707,0.0008064516129032
1773,client_08a6a72ff48e62c0,content_8281c34c02da26a2,0.7420251494199519,refresh_priority,low_ctr,high,1237.0,1.0,5.771524192498956,0.0008084074373484
1774,client_62f4a7e64f5e0096,content_56b0c59ebce74653,0.7420251494199519,refresh_priority,low_ctr,high,1241.0,1.0,5.43671795265483,0.0008058017727639
1775,client_400c21c81c8b46ef,content_04476e9db9a46f95,0.7420251494199519,refresh_priority,low_ctr,high,1234.0,1.0,5.586242138007224,0.0008103727714748
1776,client_23a62021009f63c4,content_fa3ead64d8572f1a,0.7420240398292552,refresh_priority,weak_position|low_ctr,high,6431.0,7.0,31.48134588739233,0.0010884776862074
1777,client_a80fca3f171ed1de,content_2d21a0afe78d78d6,0.7420212153922023,refresh_priority,low_ctr,high,4060.0,8.0,4.655659471199939,0.0019704433497536
1778,client_73cda7b4e4f265ea,content_70298f2497e05ecd,0.7420167616001141,refresh_priority,weak_position|low_ctr,high,867.0,0.0,20.19762057912575,0.0
1779,client_62f4a7e64f5e0096,content_5b8e91d3dd0d9300,0.7420159677969198,refresh_priority,low_ctr,high,328.0,0.0,3.317667286417286,0.0
1780,client_0fa64a184f18a4a0,content_bf39f92679b651c3,0.7420159677969198,refresh_priority,low_ctr,high,308.0,0.0,3.313810250207309,0.0
1781,client_0fa64a184f18a4a0,content_f182d05983a4b020,0.7419897717130913,refresh_priority,low_ctr,high,792.0,0.0,5.224998640226315,0.0
1782,client_73cda7b4e4f265ea,content_dbbdbaaac7248f62,0.7419897717130913,refresh_priority,low_ctr,high,954.0,0.0,5.570631852519058,0.0
1783,client_62f4a7e64f5e0096,content_45215f3682c58fae,0.7419879719566566,refresh_priority,low_ctr,high,1033.0,1.0,4.485151035391697,0.0009680542110358
1784,client_fef1a8f436438636,content_a596117b988af33c,0.7419757776916063,refresh_priority,weak_position|low_ctr,high,410.0,0.0,12.366576235602835,0.0
1785,client_e547b89c05043229,content_c4ff8ca15564f0b2,0.741973977317155,refresh_priority,low_ctr,high,2117.0,1.0,6.033448922841054,0.0004723665564478
1786,client_fef1a8f436438636,content_ed1e10df7e625c41,0.7419710789929569,refresh_priority,low_ctr,high,425.0,1.0,7.645607623913913,0.0023529411764705
1787,client_a80fca3f171ed1de,content_4789427d5077e1ec,0.7419691006236486,refresh_priority,weak_position|low_ctr,high,766.0,0.0,13.54743585995494,0.0
1788,client_73cda7b4e4f265ea,content_1520f8e1d1ef68b1,0.7419615577141467,refresh_priority,weak_position|low_ctr,high,1443.0,0.0,26.572757198942263,0.0
1789,client_73cda7b4e4f265ea,content_102276fa4c0cd537,0.7419404580740119,refresh_priority,weak_position|low_ctr,high,228.0,0.0,15.545177895719693,0.0
1790,client_20259bd6705d81d4,content_2f3b957d437f57f6,0.7419391561883388,refresh_priority,low_ctr,high,279.0,0.0,5.735986050986051,0.0
1791,client_0fa64a184f18a4a0,content_68722d90afca158a,0.7419375095496916,refresh_priority,low_ctr,high,264.0,0.0,3.146739417989418,0.0
1792,client_23a62021009f63c4,content_28ea2ad2e7a70472,0.7419357209861388,refresh_priority,general_review,high,1267.0,4.0,9.87115471896173,0.0031570639305445
1793,client_86ebc2f12c01f586,content_e0c414124f71bb8e,0.7419328847477736,refresh_priority,low_ctr,high,1686.0,0.0,3.3100957769197947,0.0
1794,client_157ffe4d4a595515,content_274e859cffd42fc3,0.7419179243919962,refresh_priority,low_ctr,high,287.0,0.0,4.804182111461524,0.0
1795,client_62f4a7e64f5e0096,content_872020e9dee62128,0.7419054021377803,refresh_priority,low_ctr,high,533.0,0.0,3.5408678250005505,0.0
1796,client_62f4a7e64f5e0096,content_0507e5218273f4bf,0.7419002904471288,refresh_priority,low_ctr,high,1121.0,1.0,5.033856532660166,0.0008920606601248
1797,client_62f4a7e64f5e0096,content_a738123060c63a4f,0.7419002904471288,refresh_priority,low_ctr,high,1144.0,1.0,5.155195411733058,0.0008741258741258
1798,client_73cda7b4e4f265ea,content_e6c430de4bcbcba9,0.741900159775466,refresh_priority,low_ctr,high,2294.0,1.0,8.631650160436596,0.0004359197907585
1799,client_a80fca3f171ed1de,content_dc2dc890b18dd12b,0.7418969552223252,refresh_priority,low_ctr,high,1119.0,2.0,2.866961236315442,0.001787310098302
1800,client_e547b89c05043229,content_d7425772c9223bdc,0.7418966645943663,refresh_priority,low_ctr,high,383.0,0.0,9.04527970131029,0.0
1801,client_e5c2aa26a8598242,content_b3de7fb31d946d16,0.7418795832619836,refresh_priority,weak_position|low_ctr,high,1644.0,1.0,12.126208292214688,0.0006082725060827
1802,client_73cda7b4e4f265ea,content_65887894668490b9,0.7418730082490781,refresh_priority,weak_position|low_ctr,high,304.0,0.0,31.006110791513265,0.0
1803,client_73cda7b4e4f265ea,content_d7c7fa6ab98a01c8,0.7418702682172371,refresh_priority,low_ctr,high,4091.0,6.0,9.845365494249766,0.0014666340747983
1804,client_a22068e339bf95f5,content_8b9dfa0537380848,0.7418656034239475,refresh_priority,low_ctr,high,2879.0,7.0,4.107903886514183,0.0024313997915943
1805,client_23a62021009f63c4,content_fa03edaad9ff7fb8,0.7418649122304056,refresh_priority,weak_position|low_ctr,high,2109.0,5.0,15.56448698487,0.002370791844476
1806,client_e00b29e582949543,content_c9c9133b3d340e65,0.7418619874698537,refresh_priority,low_ctr,high,636.0,0.0,3.410234054354682,0.0
1807,client_73cda7b4e4f265ea,content_ec4aaa261ac52000,0.7418509288259746,refresh_priority,weak_position|low_ctr,high,1005.0,0.0,13.573713417377698,0.0
1808,client_62f4a7e64f5e0096,content_bf04a70778a6d459,0.7418508872105976,refresh_priority,low_ctr,high,926.0,1.0,4.524897098504094,0.0010799136069114
1809,client_e547b89c05043229,content_6c3e8337a174b460,0.7418505025925278,refresh_priority,weak_position|low_ctr,high,1161.0,1.0,26.752159263199765,0.0008613264427217
1810,client_73cda7b4e4f265ea,content_8eee97e7f3568d70,0.7418361959884742,refresh_priority,low_ctr,high,4175.0,0.0,7.195986890467312,0.0
1811,client_a80fca3f171ed1de,content_531b2ea668cadeb6,0.7418340319160307,refresh_priority,low_ctr,high,205.0,0.0,5.237128427128427,0.0
1812,client_fef1a8f436438636,content_a172644380a2f389,0.7418332130099546,refresh_priority,low_ctr,high,2168.0,1.0,9.451383986742178,0.0004612546125461
1813,client_a22068e339bf95f5,content_c7d4a93612c9e89b,0.7418238990472111,refresh_priority,weak_position|low_ctr,high,489.0,0.0,11.029302209408806,0.0
1814,client_62f4a7e64f5e0096,content_79b43568a4fb0ac7,0.7418171953441257,refresh_priority,low_ctr,high,6634.0,10.0,2.9628895605921097,0.0015073861923424
1815,client_23a62021009f63c4,content_f4836a93f6f6ee01,0.741812545220503,refresh_priority,weak_position|low_ctr,high,771.0,0.0,26.160720322352358,0.0
1816,client_73cda7b4e4f265ea,content_60cbb20caaf7ceb3,0.741812545220503,refresh_priority,weak_position|low_ctr,high,902.0,0.0,26.31236889349673,0.0
1817,client_23a62021009f63c4,content_5dcd1da49e9f804f,0.7418081933596532,refresh_priority,low_ctr,high,314.0,0.0,7.496943331722743,0.0
1818,client_73cda7b4e4f265ea,content_02c4ea0cf6fad4f7,0.7417987513443466,refresh_priority,low_ctr,high,1687.0,1.0,6.153818454371111,0.0005927682276229
1819,client_23a62021009f63c4,content_9c40d0455a937b31,0.7417966346889152,refresh_priority,weak_position|low_ctr,high,606.0,0.0,25.1888222344333,0.0
1820,client_73cda7b4e4f265ea,content_523a32dcf64ae286,0.7417925567489412,refresh_priority,weak_position|low_ctr,high,292.0,0.0,53.32887548124391,0.0
1821,client_73cda7b4e4f265ea,content_b35d39f31e2e4453,0.7417925567489412,refresh_priority,weak_position|low_ctr,high,329.0,0.0,63.18483465467145,0.0
1822,client_73cda7b4e4f265ea,content_c7a84e38797b3ca3,0.7417785793144697,refresh_priority,low_ctr,high,982.0,0.0,8.577758148126755,0.0
1823,client_73cda7b4e4f265ea,content_3daec820377eb55d,0.7417698745335751,refresh_priority,weak_position|low_ctr,high,862.0,0.0,47.168578007929305,0.0
1824,client_2094c6eb080311d5,content_6f7c4f9feb8e119f,0.7417672474563272,refresh_priority,weak_position|low_ctr,high,305.0,0.0,12.22229293854294,0.0
1825,client_62f4a7e64f5e0096,content_b3df4c79f98d291b,0.7417626599424126,refresh_priority,low_ctr,high,2312.0,1.0,6.250357589134321,0.000432525951557
1826,client_b10cb2997d0c7c86,content_0761c7fdb8f249ba,0.7417583571605325,refresh_priority,low_ctr,high,948.0,1.0,8.172666661257027,0.0010548523206751
1827,client_20259bd6705d81d4,content_11ea6a3c823ee8ce,0.7417452183481615,refresh_priority,low_ctr,high,291.0,0.0,3.335808447515104,0.0
1828,client_157ffe4d4a595515,content_739dbedd541ecd97,0.7417427790386576,refresh_priority,low_ctr,high,232.0,0.0,5.759591935841936,0.0
1829,client_73cda7b4e4f265ea,content_caa28af8be835150,0.74173470516887,refresh_priority,low_ctr,high,871.0,0.0,9.297904478576331,0.0
1830,client_73cda7b4e4f265ea,content_f34a725cebfc96da,0.7417310566566919,refresh_priority,weak_position|low_ctr,high,145.0,0.0,18.539860509860507,0.0
1831,client_a22068e339bf95f5,content_b466f97d3109b842,0.7417110380792584,refresh_priority,low_ctr,high,483.0,0.0,9.481699795574588,0.0
1832,client_23a62021009f63c4,content_08d6ea27995dacad,0.7417096119018216,refresh_priority,weak_position,high,351.0,1.0,22.84018460551794,0.0028490028490028
1833,client_a80fca3f171ed1de,content_d75d23d3bf3defce,0.7417028984432722,refresh_priority,low_ctr,high,349.0,0.0,5.685867905775195,0.0
1834,client_73cda7b4e4f265ea,content_2577e7682c5877e9,0.7416932906274835,refresh_priority,weak_position|low_ctr,high,1165.0,1.0,30.6944998436808,0.0008583690987124
1835,client_62f4a7e64f5e0096,content_9cf42acbdb52a59a,0.7416899035122738,refresh_priority,low_ctr,high,268.0,0.0,3.204480426980427,0.0
1836,client_73cda7b4e4f265ea,content_08a6d2bb1d4c7088,0.7416857534447787,refresh_priority,weak_position|low_ctr,high,1184.0,0.0,44.544309006720674,0.0
1837,client_62f4a7e64f5e0096,content_da7e72b0231a0d79,0.7416747445732473,refresh_priority,low_ctr,high,1870.0,1.0,6.22529566248597,0.0005347593582887
1838,client_23a62021009f63c4,content_2d32e5766fc9f93f,0.7416696738487505,refresh_priority,low_ctr,high,796.0,0.0,4.38001258141503,0.0
1839,client_62f4a7e64f5e0096,content_d7a3bbba31e9d360,0.7416649056063356,refresh_priority,low_ctr,high,397.0,0.0,3.525550090002876,0.0
1840,client_62f4a7e64f5e0096,content_f84cf08c25ab0004,0.7416594003772684,refresh_priority,low_ctr,high,1100.0,1.0,4.727822768950659,0.0009090909090909
1841,client_86ebc2f12c01f586,content_bf6c014d3046c24b,0.7416594003772684,refresh_priority,low_ctr,high,929.0,1.0,4.736094131093948,0.0010764262648008
1842,client_62f4a7e64f5e0096,content_49094c4973e789e8,0.7416594003772684,refresh_priority,low_ctr,high,889.0,1.0,5.042219858106645,0.0011248593925759
1843,client_62f4a7e64f5e0096,content_799a002e52555090,0.7416594003772684,refresh_priority,low_ctr,high,1077.0,1.0,5.067761065374111,0.000928505106778
1844,client_62f4a7e64f5e0096,content_69273742598ee5dd,0.7416594003772684,refresh_priority,low_ctr,high,882.0,1.0,5.0676672782554135,0.0011337868480725
1845,client_62f4a7e64f5e0096,content_eaa66928d884e99f,0.7416594003772684,refresh_priority,low_ctr,high,871.0,1.0,4.794934124662062,0.0011481056257175
1846,client_62f4a7e64f5e0096,content_3fd6073170ce09d8,0.7416594003772684,refresh_priority,low_ctr,high,923.0,1.0,4.879502281518716,0.0010834236186348
1847,client_20259bd6705d81d4,content_8445484a9e1feea9,0.7416594003772684,refresh_priority,low_ctr,high,1005.0,1.0,5.010070459159447,0.0009950248756218
1848,client_62f4a7e64f5e0096,content_867da1169aba84c6,0.7416594003772684,refresh_priority,low_ctr,high,882.0,1.0,4.907569687640176,0.0011337868480725
1849,client_62f4a7e64f5e0096,content_a7d12a2dd2c9fce7,0.7416594003772684,refresh_priority,low_ctr,high,857.0,1.0,5.013941387780134,0.0011668611435239
1850,client_62f4a7e64f5e0096,content_0f0bbbe73c8f6e2a,0.7416594003772684,refresh_priority,low_ctr,high,901.0,1.0,4.9123188611766375,0.0011098779134295
1851,client_23a62021009f63c4,content_42111cad6531fd78,0.7416593480201826,refresh_priority,weak_position|low_ctr,high,1129.0,1.0,14.959354253513702,0.0008857395925597
1852,client_62f4a7e64f5e0096,content_7fcf686aa04077e2,0.7416493155731967,refresh_priority,low_ctr,high,427.0,0.0,3.5477777816625578,0.0
1853,client_62f4a7e64f5e0096,content_92f65f9cc05dec6d,0.7416419896025837,refresh_priority,low_ctr,high,735.0,0.0,3.570356073580004,0.0
1854,client_23a62021009f63c4,content_70a4051249a888df,0.7416264218677661,refresh_priority,weak_position|low_ctr,high,1173.0,0.0,11.812255066770728,0.0
1855,client_73cda7b4e4f265ea,content_c32721aba972845d,0.74160524314659,refresh_priority,weak_position|low_ctr,high,1744.0,2.0,16.198939133635953,0.0011467889908256
1856,client_1a730cb2640a1abf,content_fa7d5c05d405851e,0.7415955578546598,refresh_priority,low_ctr,high,3449.0,4.0,9.109893936235618,0.0011597564511452
1857,client_23a62021009f63c4,content_73572d02cdc30051,0.7415892040177421,refresh_priority,weak_position|low_ctr,high,770.0,1.0,38.730909333937525,0.0012987012987012
1858,client_e5c2aa26a8598242,content_e48cc9248d671ae3,0.7415716285606302,refresh_priority,low_ctr,high,4035.0,5.0,8.473449137885687,0.0012391573729863
1859,client_73cda7b4e4f265ea,content_b28904d79bcd3db9,0.7415692139027683,refresh_priority,weak_position|low_ctr,high,402.0,0.0,18.76765595429333,0.0
1860,client_23a62021009f63c4,content_45d99455bd5d073d,0.7415665303821147,refresh_priority,weak_position|low_ctr,high,1189.0,1.0,28.21885503837702,0.0008410428931875
1861,client_73cda7b4e4f265ea,content_22953ac8b6795936,0.741544184820585,refresh_priority,weak_position|low_ctr,high,841.0,0.0,53.93077860822124,0.0
1862,client_a80fca3f171ed1de,content_ab2d2eda5ed9bcd0,0.7415408100700807,refresh_priority,low_ctr,high,262.0,0.0,9.604286731786733,0.0
1863,client_73cda7b4e4f265ea,content_329706c873e7c3ff,0.7415330809429532,refresh_priority,weak_position|low_ctr,high,874.0,0.0,11.041323593667828,0.0
1864,client_23a62021009f63c4,content_1c6ae9966a48b98a,0.741529103868782,refresh_priority,weak_position,high,304.0,1.0,14.439950207744324,0.0032894736842105
1865,client_73cda7b4e4f265ea,content_22683a9400b3da38,0.7415231703780621,refresh_priority,low_ctr,high,876.0,2.0,2.5266219249325834,0.002283105022831
1866,client_fef1a8f436438636,content_11d49820d8d27fb4,0.7415137306890567,refresh_priority,low_ctr,high,1296.0,0.0,7.241656871188615,0.0
1867,client_62f4a7e64f5e0096,content_50e6c7636126651a,0.7415102116803229,refresh_priority,low_ctr,high,408.0,0.0,3.533303417715182,0.0
1868,client_73cda7b4e4f265ea,content_14b433b7d2fcc515,0.7414938979047556,refresh_priority,weak_position|low_ctr,high,1459.0,1.0,11.653713487150643,0.0006854009595613
1869,client_62f4a7e64f5e0096,content_35481fad8b906597,0.7414883270669482,refresh_priority,low_ctr,high,160.0,0.0,2.2768253968253966,0.0
1870,client_73cda7b4e4f265ea,content_f7bec864077f7285,0.741484136718264,refresh_priority,low_ctr,high,260.0,0.0,3.161767353017353,0.0
1871,client_62f4a7e64f5e0096,content_280e256e8a83379c,0.741450300588832,refresh_priority,low_ctr,high,2222.0,1.0,6.4204916486326375,0.0004500450045004
1872,client_62f4a7e64f5e0096,content_2874626700c9c88c,0.741450300588832,refresh_priority,low_ctr,high,2191.0,1.0,6.305723827120405,0.0004564125969876
1873,client_62f4a7e64f5e0096,content_758b5d34665798a2,0.7414496554649164,refresh_priority,low_ctr,high,872.0,2.0,3.458177433737528,0.0022935779816513
1874,client_62f4a7e64f5e0096,content_e31b1b8caa7c7a19,0.7414417146437933,refresh_priority,low_ctr,high,339.0,0.0,3.4632196724843785,0.0
1875,client_86ebc2f12c01f586,content_a886d0eed14b1374,0.7414417146437933,refresh_priority,low_ctr,high,298.0,0.0,3.487329783506254,0.0
1876,client_73cda7b4e4f265ea,content_646ebbc417c24333,0.7414191113707426,refresh_priority,weak_position|low_ctr,high,622.0,0.0,11.424049642024332,0.0
1877,client_8ddc46da5414ffd8,content_7277b8c188feb0fc,0.7414178483052415,refresh_priority,low_ctr,high,813.0,1.0,5.005052132338974,0.001230012300123
1878,client_86ebc2f12c01f586,content_a419489743bfe17f,0.7414178483052415,refresh_priority,low_ctr,high,846.0,1.0,5.177995910942645,0.0011820330969267
1879,client_62f4a7e64f5e0096,content_a8c3945cfaf9db20,0.7414178483052415,refresh_priority,low_ctr,high,828.0,1.0,4.728884450228191,0.001207729468599
1880,client_23a62021009f63c4,content_882b68cd0183bcb4,0.7414085838846979,refresh_priority,weak_position|low_ctr,high,211.0,0.0,14.25347643097643,0.0
1881,client_73cda7b4e4f265ea,content_a4178e4391f05cec,0.7414085838846979,refresh_priority,weak_position|low_ctr,high,219.0,0.0,13.636743996743997,0.0
1882,client_20259bd6705d81d4,content_b1826e19b795e6f5,0.7414056316499406,refresh_priority,low_ctr,high,159.0,0.0,4.73082251082251,0.0
1883,client_62f4a7e64f5e0096,content_2a322aa605cf94a3,0.7414004901872056,refresh_priority,general_review,high,364.0,1.0,1.4414945241439383,0.0027472527472527
1884,client_157ffe4d4a595515,content_f45f666a381a1565,0.7413970538526551,refresh_priority,low_ctr,high,394.0,0.0,7.8504861104740735,0.0
1885,client_23a62021009f63c4,content_bb20c83862050d93,0.7413876745022236,refresh_priority,weak_position|low_ctr,high,397.0,0.0,33.35949030085921,0.0
1886,client_1a8bf67cad4ee525,content_8c71ed2c1697d01e,0.7413872911072149,refresh_priority,low_ctr,high,818.0,1.0,2.8113632035350973,0.0012224938875305
1887,client_73cda7b4e4f265ea,content_5e16348804a633df,0.7413857257224788,refresh_priority,weak_position|low_ctr,high,362.0,0.0,29.345220458269974,0.0
1888,client_e5c2aa26a8598242,content_4395ec534b350355,0.7413823648913899,refresh_priority,weak_position|low_ctr,high,600.0,1.0,28.73887636910109,0.0016666666666666
1889,client_23a62021009f63c4,content_3c37dbcf18beba5e,0.741368365462177,refresh_priority,low_ctr,high,210.0,0.0,2.818523097273097,0.0
1890,client_73cda7b4e4f265ea,content_d0548fd70a0b977f,0.7413592671929669,refresh_priority,weak_position|low_ctr,high,341.0,0.0,10.334971428767783,0.0
1891,client_a22068e339bf95f5,content_4b3a43ec75c2d075,0.7413536322928806,refresh_priority,low_ctr,high,615.0,1.0,5.2683686826869085,0.0016260162601626
1892,client_73cda7b4e4f265ea,content_f44e635a7b0c14a4,0.741348256565766,refresh_priority,weak_position|low_ctr,high,411.0,0.0,17.877067966265468,0.0
1893,client_73cda7b4e4f265ea,content_c9ce6abf00a7398d,0.7413476748004947,refresh_priority,weak_position|low_ctr,high,4106.0,5.0,12.766195019535228,0.0012177301509985
1894,client_86ebc2f12c01f586,content_102e2f5c23a72acc,0.7413425216505358,refresh_priority,low_ctr,high,1071.0,0.0,6.790848171255352,0.0
1895,client_1a8bf67cad4ee525,content_faa92969a4ddd02b,0.7413415641209304,refresh_priority,low_ctr,high,2374.0,1.0,6.377568131799328,0.0004212299915754
1896,client_400c21c81c8b46ef,content_b3c6a8850bf604e0,0.7413415561209353,refresh_priority,low_ctr,high,1117.0,1.0,5.316085732948846,0.000895255147717
1897,client_62f4a7e64f5e0096,content_dbeb38eecdbba2a6,0.7413319800315683,refresh_priority,low_ctr,high,1626.0,1.0,6.348147255049616,0.0006150061500615
1898,client_62f4a7e64f5e0096,content_236f7a98970bc50d,0.7413319800315683,refresh_priority,low_ctr,high,1653.0,1.0,6.432104184222701,0.0006049606775559
1899,client_86ebc2f12c01f586,content_11d7f9ba8836a7e3,0.7413085904526853,refresh_priority,low_ctr,high,380.0,0.0,6.235215914260032,0.0
1900,client_157ffe4d4a595515,content_4942275137027d73,0.7413085904526853,refresh_priority,low_ctr,high,363.0,0.0,6.2824029370645045,0.0
1901,client_73cda7b4e4f265ea,content_4c9410e07dab034b,0.7413018347821672,refresh_priority,weak_position|low_ctr,high,574.0,0.0,67.61038433179341,0.0
1902,client_9958f0a7ae1df715,content_6644d342188b3b16,0.7413018347821672,refresh_priority,weak_position|low_ctr,high,507.0,0.0,66.63638186117288,0.0
1903,client_73cda7b4e4f265ea,content_1369a2224c0bc610,0.7412963537498948,refresh_priority,weak_position|low_ctr,high,243.0,0.0,12.738472785384552,0.0
1904,client_810019792c9b8efc,content_98c7f7961743c2f1,0.7412914318606381,refresh_priority,weak_position|low_ctr,high,764.0,2.0,46.16166067418642,0.0026178010471204
1905,client_157ffe4d4a595515,content_18731fd79323751f,0.7412824112120163,refresh_priority,weak_position|low_ctr,high,1431.0,1.0,14.251548042198086,0.0006988120195667
1906,client_b10cb2997d0c7c86,content_e3a2bc506b11a153,0.7412758247507696,refresh_priority,low_ctr,high,812.0,2.0,8.357097276041527,0.0024630541871921
1907,client_73cda7b4e4f265ea,content_a628544c06b8e9eb,0.7412755074155131,refresh_priority,weak_position|low_ctr,high,814.0,0.0,11.526798719068458,0.0
1908,client_0fa64a184f18a4a0,content_eae911a3ad33ab3c,0.7412737807152976,refresh_priority,low_ctr,high,242.0,0.0,6.04426893640129,0.0
1909,client_157ffe4d4a595515,content_b13aba2751ed4e52,0.7412704144257132,refresh_priority,low_ctr,high,290.0,0.0,8.310655874389889,0.0
1910,client_73cda7b4e4f265ea,content_fce32601b86f7bc9,0.741256962752908,refresh_priority,weak_position|low_ctr,high,1795.0,0.0,56.05723844968032,0.0
1911,client_a22068e339bf95f5,content_b28ba24896fae9f0,0.741230084768092,refresh_priority,weak_position|low_ctr,high,424.0,0.0,18.229259606134608,0.0
1912,client_23a62021009f63c4,content_bb21ecec194336d7,0.7412237809682537,refresh_priority,low_ctr,high,265.0,0.0,2.443316212654448,0.0
1913,client_62f4a7e64f5e0096,content_d559c71395d5819c,0.7412147061450373,refresh_priority,low_ctr,high,672.0,1.0,4.15429148581834,0.0014880952380952
1914,client_e5c2aa26a8598242,content_ccc8612fa2db2b7e,0.7412039108250764,refresh_priority,weak_position|low_ctr,high,675.0,0.0,27.50850178179717,0.0
1915,client_3197e6291363b4db,content_9a6776a3aed7ee0e,0.7411983433853114,refresh_priority,weak_position|low_ctr,high,188.0,0.0,11.760197969671657,0.0
1916,client_62f4a7e64f5e0096,content_f508b3849453e66c,0.7411961844130222,refresh_priority,low_ctr,high,170.0,0.0,2.661944444444445,0.0
1917,client_62f4a7e64f5e0096,content_0bf577aa61a48da6,0.7411961844130222,refresh_priority,low_ctr,high,169.0,0.0,2.8244588744588746,0.0
1918,client_a80fca3f171ed1de,content_3f95e49421548bd1,0.7411954878887038,refresh_priority,low_ctr,high,1452.0,1.0,6.960898058172286,0.0006887052341597
1919,client_73cda7b4e4f265ea,content_f7109f26ce51d15d,0.7411904021870707,refresh_priority,weak_position|low_ctr,high,1107.0,0.0,10.084831563733198,0.0
1920,client_157ffe4d4a595515,content_fe90efdfd91c36f5,0.7411883838093858,refresh_priority,weak_position|low_ctr,high,268.0,0.0,11.28695876491929,0.0
1921,client_62f4a7e64f5e0096,content_185d5dced7f4565c,0.7411756771561686,refresh_priority,low_ctr,high,1203.0,1.0,5.937535244430584,0.0008312551953449
1922,client_62f4a7e64f5e0096,content_2b7af44a758b5432,0.7411754535441947,refresh_priority,low_ctr,high,2934.0,1.0,6.474708975742778,0.0003408316291751
1923,client_e547b89c05043229,content_e863471c1f0a6352,0.7411722659091968,refresh_priority,weak_position|low_ctr,high,698.0,0.0,30.86504023112081,0.0
1924,client_62f4a7e64f5e0096,content_d2bfeb22e1cc130a,0.741168555923846,refresh_priority,low_ctr,high,228.0,0.0,3.047754375254376,0.0
1925,client_62f4a7e64f5e0096,content_8bc359633aac743c,0.7411630230747223,refresh_priority,low_ctr,high,2912.0,1.0,6.603009177041664,0.0003434065934065
1926,client_fef1a8f436438636,content_fb07880bb771bb9b,0.7411605945836649,refresh_priority,weak_position|low_ctr,high,274.0,0.0,30.898048380813087,0.0
1927,client_73cda7b4e4f265ea,content_641d6eebae3d6d3c,0.7411600360094888,refresh_priority,weak_position|low_ctr,high,380.0,0.0,32.01001384687724,0.0
1928,client_62f4a7e64f5e0096,content_dc56d5ff8034d249,0.7411499122736812,refresh_priority,low_ctr,high,2498.0,6.0,2.27186008592454,0.0024019215372297
1929,client_23a62021009f63c4,content_c30def7f3ab42898,0.7411435326064689,refresh_priority,low_ctr,high,4030.0,1.0,6.177215693084622,0.0002481389578163
1930,client_1a8bf67cad4ee525,content_218c6fd383b9d7fe,0.7411343083834308,refresh_priority,low_ctr,high,459.0,0.0,6.140862368574505,0.0
1931,client_62f4a7e64f5e0096,content_59b6fc21f07b5109,0.7411342472034225,refresh_priority,general_review,high,368.0,1.0,2.2699388022438995,0.0027173913043478
1932,client_a80fca3f171ed1de,content_e9070adb1f922dd8,0.7411187323940318,refresh_priority,low_ctr,high,273.0,0.0,3.014191179191179,0.0
1933,client_fef1a8f436438636,content_cf7d01ee4fa5264a,0.7411092810935972,refresh_priority,weak_position|low_ctr,high,203.0,0.0,14.334005901505902,0.0
1934,client_73cda7b4e4f265ea,content_63edeb4255d1891e,0.741103795599985,refresh_priority,low_ctr,high,461.0,1.0,8.859788447754136,0.0021691973969631
1935,client_62f4a7e64f5e0096,content_5be641a674a08700,0.7411006660510748,refresh_priority,low_ctr,high,1025.0,1.0,5.732714704109771,0.0009756097560975
1936,client_62f4a7e64f5e0096,content_2ed2a185ea883276,0.7411006660510748,refresh_priority,low_ctr,high,990.0,1.0,5.588570165976098,0.001010101010101
1937,client_62f4a7e64f5e0096,content_e1f1927ef6e5ebbc,0.7411006660510748,refresh_priority,low_ctr,high,1054.0,1.0,5.731713890271579,0.0009487666034155
1938,client_62f4a7e64f5e0096,content_9cafb14d8fa0800f,0.7411006660510748,refresh_priority,low_ctr,high,916.0,1.0,5.328146385086738,0.0010917030567685
1939,client_62f4a7e64f5e0096,content_8feaf8f3d3290d81,0.7411006660510748,refresh_priority,low_ctr,high,1050.0,1.0,5.279197134087687,0.0009523809523809
1940,client_62f4a7e64f5e0096,content_fe199351eef02f23,0.7411006660510748,refresh_priority,low_ctr,high,910.0,1.0,5.483598586143895,0.001098901098901
1941,client_62f4a7e64f5e0096,content_f64b05425dd20630,0.7411006660510748,refresh_priority,low_ctr,high,1010.0,1.0,5.732846084529094,0.0009900990099009
1942,client_62f4a7e64f5e0096,content_66e3e7ec4360ca54,0.7411006660510748,refresh_priority,low_ctr,high,901.0,1.0,5.530283334590526,0.0011098779134295
1943,client_62f4a7e64f5e0096,content_0c2a1ef503913218,0.7411006660510748,refresh_priority,low_ctr,high,912.0,1.0,5.298839162176471,0.0010964912280701
1944,client_62f4a7e64f5e0096,content_4275572b0694c972,0.7411006660510748,refresh_priority,low_ctr,high,898.0,1.0,5.719668306872115,0.0011135857461024
1945,client_62f4a7e64f5e0096,content_f56363104aae434f,0.7411006660510748,refresh_priority,low_ctr,high,935.0,1.0,5.222308844407441,0.0010695187165775
1946,client_62f4a7e64f5e0096,content_94af34aa60d83d27,0.7410958636949915,refresh_priority,low_ctr,high,203.0,0.0,2.97730138688472,0.0
1947,client_86ebc2f12c01f586,content_dd106a452215eec7,0.7410866519772047,refresh_priority,low_ctr,high,595.0,1.0,3.466026116159108,0.0016806722689075
1948,client_62f4a7e64f5e0096,content_32cb5ad68430b9dd,0.74108240780375,refresh_priority,low_ctr,high,1557.0,1.0,6.305582243482882,0.0006422607578676
1949,client_73cda7b4e4f265ea,content_d25863af0d1f696c,0.7410815377654991,refresh_priority,low_ctr,high,1153.0,1.0,6.013467103222536,0.0008673026886383
1950,client_810019792c9b8efc,content_3a19582e23b621be,0.7410668830471202,refresh_priority,weak_position,high,721.0,2.0,10.766915724945203,0.0027739251040221
1951,client_20259bd6705d81d4,content_d105e79bf855829c,0.7410640552409891,refresh_priority,low_ctr,high,132.0,0.0,1.977936507936508,0.0
1952,client_23a62021009f63c4,content_06843dde8c358925,0.7410637203910042,refresh_priority,weak_position|low_ctr,high,535.0,0.0,36.25203631686476,0.0
1953,client_810019792c9b8efc,content_529c3e731c11a47b,0.7410436694354635,refresh_priority,weak_position,high,1469.0,5.0,10.845803272815813,0.0034036759700476
1954,client_23a62021009f63c4,content_30c83bf6adb0954b,0.7410390709398209,refresh_priority,low_ctr,high,642.0,1.0,9.965170674853963,0.0015576323987538
1955,client_b77d0d5f08f05e64,content_627408a4af536ecc,0.7410216213959392,refresh_priority,low_ctr,high,622.0,0.0,6.784933720397007,0.0
1956,client_8ddc46da5414ffd8,content_f7d3a8b736eb7688,0.7410053215170769,refresh_priority,low_ctr,high,8927.0,8.0,2.97476640194295,0.0008961577237593
1957,client_23a62021009f63c4,content_934eeda401eb6c0d,0.7409805387856787,refresh_priority,weak_position|low_ctr,high,1723.0,2.0,33.19176647675761,0.0011607661056297
1958,client_08a6a72ff48e62c0,content_3405bfdfd18d4e79,0.7409798267186143,refresh_priority,low_ctr,high,1596.0,2.0,4.074922910662775,0.0012531328320802
1959,client_73cda7b4e4f265ea,content_6fa64ec58ba3f230,0.7409755520105145,refresh_priority,weak_position|low_ctr,high,642.0,0.0,32.934365867225445,0.0
1960,client_08a6a72ff48e62c0,content_58272e0466c5e86f,0.74097152363311,refresh_priority,low_ctr,high,3054.0,1.0,6.679217245986977,0.0003274394237066
1961,client_23a62021009f63c4,content_8a7d72feb8470836,0.7409590581294122,refresh_priority,weak_position|low_ctr,high,582.0,1.0,16.541612448853826,0.0017182130584192
1962,client_23a62021009f63c4,content_ff0993b4a0ba7a07,0.740921075345873,refresh_priority,low_ctr,high,286.0,0.0,4.503459250301356,0.0
1963,client_23a62021009f63c4,content_95c385c678b028b1,0.7409125541097199,refresh_priority,weak_position|low_ctr,high,332.0,0.0,50.61019727099027,0.0
1964,client_23a62021009f63c4,content_8a2a45e162c5ea73,0.7408919596139486,refresh_priority,weak_position|low_ctr,high,339.0,0.0,33.89803150912971,0.0
1965,client_73cda7b4e4f265ea,content_88fa9e6ccf50afc9,0.7408900108342038,refresh_priority,weak_position|low_ctr,high,314.0,0.0,29.78105166891932,0.0
1966,client_62f4a7e64f5e0096,content_8d1e0f8add5d46dd,0.740889990256128,refresh_priority,low_ctr,high,984.0,1.0,5.789967007637808,0.0010162601626016
1967,client_b77d0d5f08f05e64,content_ded134568b993f5f,0.7408897451647971,refresh_priority,low_ctr,high,4160.0,5.0,8.80325246802703,0.001201923076923
1968,client_62f4a7e64f5e0096,content_9774cf49af69503f,0.7408751481007528,refresh_priority,low_ctr,high,1893.0,2.0,4.242003323198218,0.0010565240359218
1969,client_73cda7b4e4f265ea,content_4ee4fead946f87a9,0.740867074928232,refresh_priority,weak_position|low_ctr,high,408.0,0.0,18.739459064447846,0.0
1970,client_62f4a7e64f5e0096,content_9d3eb8dccfbc7643,0.740859113979048,refresh_priority,low_ctr,high,846.0,1.0,5.609523085873999,0.0011820330969267
1971,client_08a6a72ff48e62c0,content_7f9acb266ec2114b,0.740859113979048,refresh_priority,low_ctr,high,809.0,1.0,5.245424305637218,0.0012360939431396
1972,client_9958f0a7ae1df715,content_d945a38f1202c82a,0.7408557253709732,refresh_priority,low_ctr,high,1190.0,0.0,8.985504315186473,0.0
1973,client_62f4a7e64f5e0096,content_de26887a75ade6d8,0.7408533284975058,refresh_priority,low_ctr,high,265.0,0.0,3.5087594812594816,0.0
1974,client_73cda7b4e4f265ea,content_2b9fbacfacf0c94c,0.7408403822872718,refresh_priority,low_ctr,high,550.0,0.0,3.531220663284512,0.0
1975,client_e547b89c05043229,content_cb7955b4ea2846f5,0.7408230787138589,refresh_priority,weak_position|low_ctr,high,3624.0,2.0,40.83871250013442,0.0005518763796909
1976,client_157ffe4d4a595515,content_a507167690d243df,0.7408205798233998,refresh_priority,low_ctr,high,450.0,0.0,6.561769036390787,0.0
1977,client_157ffe4d4a595515,content_74cf53e14643dff6,0.7408022045233493,refresh_priority,low_ctr,high,1591.0,0.0,6.175939545299202,0.0
1978,client_157ffe4d4a595515,content_2bb55de70bbd9c62,0.7408022045233493,refresh_priority,low_ctr,high,1293.0,0.0,6.3540981483713415,0.0
1979,client_73cda7b4e4f265ea,content_80b844a520e3d855,0.7407991181569116,refresh_priority,weak_position|low_ctr,high,643.0,0.0,37.94081315289648,0.0
1980,client_73cda7b4e4f265ea,content_6f573c5af3022ed6,0.7407971734209682,refresh_priority,weak_position|low_ctr,high,394.0,0.0,10.268968139206631,0.0
1981,client_86ebc2f12c01f586,content_4083174276e938a4,0.7407939564122978,refresh_priority,low_ctr,high,776.0,1.0,9.198825943503548,0.0012886597938144
1982,client_20259bd6705d81d4,content_f1bd4f0d2061f92b,0.7407929785017139,refresh_priority,low_ctr,high,247.0,0.0,3.1751512376512383,0.0
1983,client_62f4a7e64f5e0096,content_92419bda7f597a73,0.7407904650743168,refresh_priority,low_ctr,high,224.0,0.0,3.27705932955933,0.0
1984,client_23a62021009f63c4,content_fd0af379d19c6801,0.7407898831023384,refresh_priority,weak_position|low_ctr,high,1221.0,1.0,20.85308545520648,0.0008190008190008
1985,client_23a62021009f63c4,content_7a72c5174a585324,0.7407892088613687,refresh_priority,weak_position|low_ctr,high,976.0,0.0,30.14315714635008,0.0
1986,client_62f4a7e64f5e0096,content_a03d71a1ecb6f30f,0.740782142473683,refresh_priority,low_ctr,high,2643.0,6.0,3.024654713976168,0.0022701475595913
1987,client_73cda7b4e4f265ea,content_da6372331fd7a424,0.7407734891463137,refresh_priority,low_ctr,high,1705.0,4.0,9.66593646192901,0.0023460410557184
1988,client_fef1a8f436438636,content_08d7eafc6850a098,0.7407725672235905,refresh_priority,weak_position|low_ctr,high,617.0,0.0,25.38651987442849,0.0
1989,client_73cda7b4e4f265ea,content_99379dbfb25e3a14,0.7407710217322092,refresh_priority,weak_position|low_ctr,high,1697.0,2.0,32.44796151340476,0.0011785503830288
1990,client_fef1a8f436438636,content_a2ef68e0203d72c5,0.7407629196208925,refresh_priority,weak_position|low_ctr,high,387.0,0.0,26.8444852975532,0.0
1991,client_23a62021009f63c4,content_0880a66c25c999f7,0.7407628065370265,refresh_priority,weak_position|low_ctr,high,3115.0,7.0,13.515350539320576,0.0022471910112359
1992,client_23a62021009f63c4,content_dbcd81b7ee27ac81,0.7407326702665226,refresh_priority,low_ctr,high,176.0,0.0,2.6392927170868345,0.0
1993,client_73cda7b4e4f265ea,content_6315a8859053c7ba,0.7407316193968004,refresh_priority,low_ctr,high,3422.0,1.0,8.887833856407427,0.0002922267679719
1994,client_0fa64a184f18a4a0,content_ebbf1635babb5685,0.7407297256221262,refresh_priority,low_ctr,high,216.0,0.0,6.225502645502646,0.0
1995,client_23a62021009f63c4,content_a0a56301ef2ac273,0.7407263798754891,refresh_priority,weak_position|low_ctr,high,314.0,0.0,13.114782266953318,0.0
1996,client_62f4a7e64f5e0096,content_3c6d2af303776054,0.7407216927477954,refresh_priority,low_ctr,high,200.0,0.0,3.0390170940170944,0.0
1997,client_73cda7b4e4f265ea,content_06801d12bc905c3d,0.7407079585126718,refresh_priority,weak_position|low_ctr,high,189.0,0.0,13.078435545935546,0.0
1998,client_62f4a7e64f5e0096,content_dacdb0be5b69eba9,0.7406969333254901,refresh_priority,low_ctr,high,856.0,2.0,3.368554167226418,0.0023364485981308
1999,client_8ddc46da5414ffd8,content_0257b3ec57396dab,0.7406928912078472,refresh_priority,low_ctr,high,1063.0,1.0,6.090049371836956,0.0009407337723424
2000,client_b10cb2997d0c7c86,content_81dbad18ab8abda7,0.7406911656661448,refresh_priority,weak_position|low_ctr,high,99.0,0.0,13.685333333333332,0.0
